year,state,demVotes,gopVotes,otherVotes,totalVotes,demShareTotal,gopShareTotal,demShareTwoParty,gopShareTwoParty,differenceTotal,differenceTwoParty
1976,AK,44058,71555,7961,123574,0.3565313091750692,0.5790457539611893,0.38108171226419174,0.6189182877358083,-0.1437771048628172,-0.12942244039698392
1980,AK,41842,86112,30491,158445,0.2640790179557575,0.5434819653507527,0.32700814355158886,0.6729918564484112,-0.14612028513794706,-0.11996935767863726
1984,AK,62007,138377,7221,207605,0.29867777751017555,0.666539823221984,0.30944087352283617,0.6905591264771639,-0.10678542857029116,-0.09880544824750853
1988,AK,72584,119251,8281,200116,0.362709628415519,0.595909372563913,0.37836682565746604,0.621633174342534,-0.09378696921192359,-0.08261773988241261
1992,AK,78294,102000,78212,258506,0.3028711132430195,0.3945749808515083,0.4342573796132983,0.5657426203867018,-0.12690324192292823,-0.10054251343696124
1996,AK,80380,122746,38494,241620,0.33267113649532326,0.5080125817399221,0.3957149749416618,0.6042850250583381,-0.15910173934930172,-0.15164865094543017
2000,AK,79004,167398,39158,285560,0.27666339823504693,0.5862095531587057,0.3206305143627081,0.6793694856372919,-0.2062813779170637,-0.18203030933075998
2004,AK,111025,190889,10684,312598,0.35516861912104364,0.6106532991253942,0.3677371701875368,0.6322628298124632,-0.12728623457874821,-0.11987108629984788
2008,AK,123594,193841,8762,326197,0.37889373599389325,0.5942451953880631,0.389352150834029,0.610647849165971,-0.14993638146233673,-0.14753628626545395
2012,AK,122640,164676,13179,300495,0.40812659112464433,0.5480157739729447,0.4268470951843963,0.5731529048156038,-0.10216968834638585,-0.09273595705489518
2016,AK,116454,163387,38767,318608,0.36550871290111986,0.5128151207753728,0.4161434528893193,0.5838565471106807,-0.11592251208634918,-0.09498892167659623
2020,AK,153778,189951,15801,359530,0.42771952271020497,0.5283314327038078,0.4473815127615069,0.5526184872384932,-0.0854654619066001,-0.0753257044580366
1976,AL,659170,504070,19610,1182850,0.5572726888447394,0.42614870862746757,0.5666672397785496,0.43333276022145045,0.056964274806852955,0.056163087117373944
1980,AL,636730,654192,51007,1341929,0.47448859067804633,0.4875012016284021,0.49323661692960535,0.5067633830703947,0.06428928758434177,0.04625911569937924
1984,AL,551899,872849,16965,1441713,0.38280781265064545,0.6054249354760621,0.38736604648681733,0.6126339535131827,-0.022655393429821258,-0.020880275283527372
1988,AL,549506,815576,13394,1378476,0.39863298309147205,0.5916504893810266,0.40254431601911095,0.5974556839808891,-0.05786361453597055,-0.058440249520767706
1992,AL,690080,804283,193697,1688060,0.4088006350485172,0.4764540359939813,0.46178873540097015,0.5382112645990298,-0.02097372011743054,-0.0730111576492894
1996,AL,662165,769044,103140,1534349,0.4315608769582409,0.5012184320516389,0.46266128846311055,0.5373387115368894,-0.060211998886384066,-0.08470233742398142
2000,AL,692611,941173,32488,1666272,0.4156650294789806,0.5648375535326765,0.42393058078668905,0.5760694192133109,-0.06727974667313003,-0.07873024290677905
2004,AL,693933,1176394,13088,1883415,0.36844402322377173,0.6246068975770077,0.3710222864771775,0.6289777135228225,-0.11401083047602012,-0.11658597001020721
2008,AL,813479,1266546,19794,2099819,0.38740434294574916,0.603169130291706,0.39109097246427327,0.6089090275357267,-0.14142577451048083,-0.1457974646352097
2012,AL,795696,1255925,22717,2074338,0.3835903309875247,0.6054582232982282,0.38783771466562295,0.6121622853343771,-0.12670594848350547,-0.13174533757366852
2016,AL,729547,1318255,75570,2123372,0.3435794575797364,0.6208309236440906,0.3562585640603926,0.6437414359396074,-0.13785176740773264,-0.15487381050552296
2020,AL,849648,1441168,32488,2323304,0.36570676932506463,0.6203096968799606,0.37089316645247805,0.629106833547522,-0.14747821529174043,-0.15181405076706544
1976,AR,498604,267903,1028,767535,0.6496172812966184,0.3490433661005687,0.6504885147819915,0.34951148521800846,0.14930886725873205,0.1399843621208159
1980,AR,398041,403164,36377,837582,0.4752263062004675,0.4813427222648051,0.4968029405707653,0.5031970594292348,0.06502700310676296,0.04982543934053918
1984,AR,338646,534774,10986,884406,0.38290785001458605,0.6046702532547269,0.3877241189805592,0.6122758810194409,-0.02255535606588066,-0.020522202789785504
1988,AR,349237,466578,11923,827738,0.4219173216645847,0.563678361993771,0.42808357286884896,0.5719164271311511,-0.034579275962857925,-0.032900992671029694
1992,AR,505823,337324,107506,950653,0.5320795284925204,0.3548339930552999,0.5999226706612252,0.4000773293387749,0.10230517332657263,0.06512277761096563
1996,AR,475171,325416,83675,884262,0.5373644915194817,0.36800857664357395,0.5935282486475548,0.4064717513524451,0.045591615674856756,0.04616462276046285
2000,AR,422768,472940,26073,921781,0.4586425626043496,0.5130719769663293,0.47199310489579194,0.5280068951042081,-0.02430221354776102,-0.030667718797676158
2004,AR,469953,572898,12094,1054945,0.44547630445189085,0.5430595907843537,0.4506425174833222,0.5493574825166778,-0.036978549247901005,-0.036965739004062526
2008,AR,422310,638017,26290,1086617,0.3886465976512423,0.5871590449992959,0.3982827938928274,0.6017172061071726,-0.14018351980498767,-0.13860564320665558
2012,AR,394409,647744,27315,1069468,0.36878990301720105,0.6056693608410911,0.3784559464877038,0.6215440535122961,-0.14150637645382913,-0.14112710575158766
2016,AR,380494,684872,65269,1130635,0.33653124129360934,0.6057410216382829,0.35714862310229534,0.6428513768977047,-0.1448999836938597,-0.1539837514636202
2020,AR,423932,760647,34490,1219069,0.34775061953014963,0.6239572985614432,0.3578756672201685,0.6421243327798315,-0.16543436508665543,-0.164831549999375
1976,AZ,295602,418642,28475,742719,0.39799978188251545,0.5636613577948053,0.41386696983103816,0.5861330301689619,-0.10230863215537095,-0.0966371828301375
1980,AZ,246843,529688,97414,873945,0.28244683589928427,0.6060884838290739,0.3178791316766491,0.682120868323351,-0.1277524671944203,-0.129098369553577
1984,AZ,333854,681416,10627,1025897,0.32542643169830887,0.6642148285841561,0.3288327242999399,0.6711672757000601,-0.08003677438215784,-0.07941359747040477
1988,AZ,454029,702541,15303,1171873,0.387438741228785,0.5995026764845679,0.39256508469007495,0.607434915309925,-0.06905785639865758,-0.0684194808498037
1992,AZ,543050,572086,371839,1486975,0.3652045259671481,0.38473141781132836,0.48698096016988063,0.5130190398301194,-0.06456982919879967,-0.04781893288037892
1996,AZ,653288,622073,129044,1404405,0.4651706594607681,0.4429441649666585,0.5122377115185426,0.4877622884814574,-0.026602216383856903,-0.035125914368549394
2000,AZ,685341,781652,65023,1532016,0.4473458501738885,0.5102113816043696,0.46717400832860145,0.5328259916713985,-0.03559892597822212,-0.03548681536486664
2004,AZ,893524,1104294,14767,2012585,0.44396832928795554,0.5486943408601376,0.4472499496951174,0.5527500503048827,-0.03848652441183631,-0.04035830679226732
2008,AZ,1034707,1230111,28657,2293475,0.4511525087476428,0.5363524782262724,0.4568609928038368,0.5431390071961633,-0.0776776087085872,-0.08002744429564618
2012,AZ,1025232,1233654,40368,2299254,0.44589766941799386,0.536545331659747,0.4538661977629681,0.5461338022370319,-0.06439861005303632,-0.06571685447632336
2016,AZ,1161209,1252401,159555,2573165,0.45127654075817136,0.4867161647232105,0.481108795538633,0.518891204461367,-0.03015468422929768,-0.030023579027282532
2020,AZ,1672143,1661686,53497,3387326,0.49364690614366613,0.4905598103046474,0.5015683167912931,0.49843168320870684,-0.01953807847313893,-0.021138900428250396
1976,CA,3742284,3882244,179242,7803770,0.47954821836112543,0.4974831395594693,0.49082172693181797,0.5091782730681821,-0.020760195676760962,-0.01968242572935769
1980,CA,3082943,4522994,977001,8582938,0.35919436910764124,0.5269750288304541,0.4053337544079053,0.5946662455920947,-0.05100493398606332,-0.041643746822320804
1984,CA,3922519,5467009,115513,9505041,0.41267775699231596,0.5751694285169312,0.41775465177802334,0.5822453482219766,0.007214550911849249,0.009508330007678645
1988,CA,4702233,5054917,129915,9887065,0.4755944256460335,0.5112656789451673,0.4819268946362411,0.5180731053637588,0.01909782801859089,0.020942329096362455
1992,CA,5121325,3630574,2379822,11131721,0.46006587840280944,0.32614669375921296,0.5851672876937908,0.4148327123062092,0.030291523236861684,0.05036739464353124
1996,CA,5119835,3828381,1071253,10019469,0.5109886561852729,0.3820942008004616,0.5721626523096894,0.42783734769031057,0.019215780340647914,0.02479902642259746
2000,CA,5861203,4567429,537190,10965822,0.5344973682775446,0.41651496805255456,0.5620298999907178,0.43797010000928216,0.05155259212543395,0.059369076297249745
2004,CA,6745485,5509826,166042,12421353,0.5430555753467436,0.44357695977241773,0.5504132045282245,0.44958679547177544,0.060600721646951794,0.0628049480408398
2008,CA,8274473,5011781,275646,13561900,0.6101263834713425,0.36954858832464477,0.622784495915854,0.3772155040841459,0.08129626601511253,0.08589605881637108
2012,CA,7854285,4839958,344304,13038547,0.6023895914168964,0.371203785207048,0.6187281116329663,0.3812718883670338,0.09209331194586623,0.0991450593936748
2016,CA,8753788,4483810,943997,14181595,0.6172639960455788,0.3161710653843943,0.6612822054272989,0.3387177945727012,0.13583277105810976,0.15014983086138334
2020,CA,11109764,6005961,380181,17495906,0.6349922090345022,0.3432780788831399,0.649096897735854,0.350903102264146,0.12180722441769709,0.1263896805163105
1976,CO,460801,584278,36361,1081440,0.4260994599792869,0.5402777777777777,0.4409245616838536,0.5590754383161465,-0.07420895405859951,-0.06957959097732208
1980,CO,368009,652264,164177,1184450,0.3107003250453797,0.5506893494871037,0.36069659787135405,0.639303402128646,-0.09949897804832486,-0.08628090335887206
1984,CO,454975,821817,18588,1295380,0.3512289830011271,0.6344215596967685,0.356342301643494,0.643657698356506,-0.054234223079339616,-0.05190402012685069
1988,CO,621453,728177,22764,1372394,0.45282404324122666,0.5305888833673129,0.4604617561850285,0.5395382438149715,-0.0036725543862159427,-0.0005228093548501622
1992,CO,629681,562850,376649,1569180,0.40128028651907366,0.35869052626212417,0.5280206552282498,0.4719793447717502,-0.028494068646874093,-0.006779237822009732
1996,CO,671152,691848,147702,1510702,0.44426498409348764,0.457964575409313,0.4924079236977256,0.5075920763022744,-0.04750789175113734,-0.05495570218936635
2000,CO,738227,883748,119393,1741368,0.4239350901130605,0.507502147736722,0.45514080056720974,0.5448591994327903,-0.0590096860390501,-0.04752002312625836
2004,CO,1001732,1101255,26643,2129630,0.47037842254288303,0.5171109535459211,0.47633770441757367,0.5236622955824264,-0.012076431156908818,-0.011270552069811035
2008,CO,1288576,1073589,39196,2401361,0.5366023684069159,0.4470752210933716,0.5455063469317343,0.4544936530682658,0.0077722509506858994,0.008617909832251303
2012,CO,1323101,1185243,61172,2569516,0.5149222655161517,0.4612709163904798,0.5274798831420252,0.47252011685797485,0.004625986045121544,0.007896830902733742
2016,CO,1338870,1202484,238866,2780220,0.48156980382847403,0.4325139737143104,0.5268333337268244,0.47316666627317566,0.00013857884100498818,0.015700959160908856
2020,CO,1804352,1364607,87994,3256953,0.5540000116673468,0.4189827117554352,0.5693831949230015,0.43061680507699845,0.04081502705054174,0.046675977703457994
1976,CT,647895,719261,19199,1386355,0.46733700964038793,0.5188144450735923,0.4738998329378652,0.5261001670621348,-0.03297140439749846,-0.03660431972331046
1980,CT,541732,677210,187343,1406285,0.3852220566954778,0.4815595700729226,0.4444280367728735,0.5555719632271264,-0.024977246398226738,-0.0025494644573526015
1984,CT,569597,890877,6426,1466900,0.3882998159383734,0.6073195173495126,0.39000831236981964,0.6099916876301803,-0.017163390142093282,-0.018238009400525057
1988,CT,676584,750241,16569,1443394,0.4687451936200372,0.5197756122029051,0.4741884954356701,0.5258115045643299,0.01224859599259459,0.013203929895791444
1992,CT,682318,578313,355525,1616156,0.42218572959541034,0.35783241221763246,0.5412511670742668,0.4587488329257332,-0.007588625570537411,0.0064512740240072475
1996,CT,735740,483109,173765,1392614,0.5283158147196567,0.34690804487101234,0.6036350688231273,0.3963649311768726,0.03654293887503174,0.056271442936035365
2000,CT,816015,561094,82416,1459525,0.5590962813244035,0.384436032270773,0.5925565804885452,0.4074434195114548,0.07615150517229285,0.08989575679507711
2004,CT,857488,693826,27455,1578769,0.543137089719902,0.4394727791082799,0.5527494756058412,0.44725052439415874,0.06068223602011019,0.0651412191184565
2008,CT,997772,629428,19592,1646792,0.6058882967612181,0.3822146330562694,0.6131833824975418,0.3868166175024582,0.07705817930498815,0.07629494539805881
2012,CT,905083,634892,18229,1558204,0.5808501325885442,0.4074511424691504,0.587725774769071,0.41227422523092905,0.07055385311751405,0.06814272252977949
2016,CT,897572,673215,74133,1644920,0.5456630109670987,0.40926914378814777,0.5714154751726364,0.4285845248273636,0.06423178597962964,0.06028310060672082
2020,CT,1080680,715291,28353,1824324,0.5923728460514689,0.39208550674112713,0.6017246380927086,0.3982753619072914,0.07918786143466383,0.0790174208731651
1976,DC,137818,27873,3139,168830,0.8163122667772316,0.16509506604276492,0.8317772238685264,0.16822277613147366,0.31600385273934517,0.3212730712073507
1980,DC,130231,23313,20345,173889,0.7489317898199426,0.134068284940393,0.8481673005783359,0.15183269942166414,0.338732486726238,0.4011897993481098
1984,DC,180408,29009,1871,211288,0.853848775131574,0.137296013024876,0.8614773394710076,0.1385226605289924,0.44838556905110727,0.4532310177006629
1988,DC,159407,27590,5880,192877,0.8264697190437429,0.1430445309705149,0.8524575260565678,0.14754247394343226,0.3699731214163003,0.3914729605166891
1992,DC,192619,20698,14255,227572,0.8464090485648498,0.09095143515019423,0.9029706961939273,0.09702930380607265,0.416634693398902,0.3681708031436678
1996,DC,158220,17339,10167,185726,0.8519001109160806,0.09335795742114728,0.9012354820886426,0.09876451791135743,0.36012723507145566,0.3538718562015506
2000,DC,171923,18073,11898,201894,0.8515508137933767,0.08951727143946824,0.9048769447777848,0.0951230552222152,0.3686060376412661,0.4022161210843167
2004,DC,202970,21256,3360,227586,0.8918386895503239,0.09339766066454,0.9052027864743607,0.09479721352563932,0.409383835850532,0.417594529986976
2008,DC,245800,17367,2686,265853,0.9245710975614343,0.06532557465968035,0.9340076833341566,0.06599231666584336,0.3957409801052043,0.39711924623467365
2012,DC,267070,21381,5313,293764,0.9091311392818725,0.07278291417600523,0.9258764920211752,0.07412350797882483,0.3988348598108423,0.4062934397818837
2016,DC,282830,12723,17022,312575,0.9048388386787171,0.04070383108054067,0.9569518834185409,0.04304811658145916,0.423407613691248,0.44581950885262533
2020,DC,317323,18586,8447,344356,0.9214969392140692,0.05397321376714795,0.9446695384761944,0.05533046152380555,0.4083119545972641,0.4219623212566509
1976,DE,122461,109780,3401,235642,0.5196908870235357,0.46587620203529084,0.527301380893124,0.47269861910687605,0.019382472985649324,0.01679722823194829
1980,DE,105754,111252,18662,235668,0.4487414498362103,0.47207087937267683,0.48733214749822584,0.5126678525017742,0.03854214674250572,0.04035464626799973
1984,DE,101656,152190,726,254572,0.3993212136448627,0.5978269409047342,0.40046327300804424,0.5995367269919557,-0.006141992435603982,-0.00778304876230046
1988,DE,108647,139639,1605,249891,0.4347775630174756,0.5587996366415757,0.4375881040413072,0.5624118959586928,-0.021719034609966992,-0.02339646149857144
1992,DE,126054,102313,61253,289620,0.43523927905531384,0.35326634900904635,0.5519799270472528,0.4480200729527471,0.005464923889366091,0.017180033996993305
1996,DE,140355,99062,31393,270810,0.518278497839814,0.3657988995975038,0.5862365663256995,0.41376343367430046,0.026505621995188966,0.03887294043860756
2000,DE,180068,137288,10173,327529,0.5497772716309091,0.4191628832866708,0.5674006478528845,0.43259935214711553,0.06683249547879844,0.06473982415941637
2004,DE,200152,171660,3378,375190,0.5334683760228152,0.4575281857192356,0.5383150624509161,0.46168493754908396,0.05101352232302331,0.05070680596353139
2008,DE,255459,152374,4579,412412,0.6194266898150393,0.36947033548975294,0.6263813864988855,0.3736186135011144,0.09059657235880936,0.08949294939940255
2012,DE,242584,165484,5822,413890,0.5861074198458528,0.39982604073546113,0.5944695491927816,0.4055304508072184,0.07581114037482262,0.07488649695349014
2016,DE,235603,185127,20860,441590,0.5335333680563419,0.41922824339319276,0.5599862144368122,0.4400137855631878,0.05210214306887284,0.04885383987089664
2020,DE,296268,200603,7139,504010,0.5878216702049562,0.39801392829507354,0.5962674416498447,0.40373255835015526,0.07463668558815117,0.07356022443030119
1976,FL,1636000,1469531,45100,3150631,0.5192610623078361,0.46642434483758966,0.526802018720792,0.473197981279208,0.01895264826994969,0.01629786605961636
1980,FL,1419475,2046951,220501,3686927,0.38500219830769633,0.5551916270650328,0.4094923705280309,0.5905076294719691,-0.02519710478600823,-0.037485130702195224
1984,FL,1448816,2730350,885,4180051,0.3466024696827862,0.653185810412361,0.34667586786454524,0.6533241321354548,-0.058860736397680524,-0.06157045390579946
1988,FL,1656701,2618885,26727,4302313,0.3850721693191546,0.6087155908926198,0.38747928354148414,0.6125207164585159,-0.07142442830828799,-0.07350528199839451
1992,FL,2071698,2173310,1068384,5313392,0.3899012156452978,0.4090249693604387,0.48803158910419014,0.5119684108958098,-0.03987313952064997,-0.0467683039460694
1996,FL,2546870,2244536,511748,5303154,0.4802557119781926,0.42324548749668595,0.5315496119510641,0.46845038804893596,-0.011517163866432367,-0.015814013936027882
2000,FL,2912253,2912790,138067,5963110,0.48837821204036147,0.4884682657204043,0.49995390591966443,0.5000460940803355,0.005433435888250848,-0.002706917773803663
2004,FL,3583544,3964522,61744,7609810,0.4709111002771423,0.5209751623233695,0.47476320424331214,0.5252367957566879,-0.011543753422649572,-0.012845052244072563
2008,FL,4282074,4045624,63046,8390744,0.5103330527066491,0.4821531916597622,0.514196600308993,0.48580339969100705,-0.018497064749580905,-0.022691836790490028
2012,FL,4237756,4163447,72976,8474179,0.5000786506869869,0.49130977761975525,0.5044225213936623,0.49557747860633766,-0.010217628784043309,-0.015160530845629183
2016,FL,4504975,4617886,297178,9420039,0.4782331580580505,0.49021941416590736,0.4938116452722452,0.5061883547277548,-0.0031980669294185415,-0.017320729293670345
2020,FL,5297045,5668731,101680,11067456,0.47861450725442234,0.5121981962250404,0.48305245337858443,0.5169475466214156,-0.03457047736238272,-0.03965476384095906
1976,GA,979409,483743,0,1463152,0.6693829485931742,0.3306170514068258,0.6693829485931742,0.3306170514068258,0.16907453455528776,0.1588787959319985
1980,GA,890955,654168,51682,1596805,0.5579610534786652,0.409673065903476,0.5766239969245167,0.4233760030754833,0.14776175038496064,0.1296464956942906
1984,GA,706628,1068722,753,1776103,0.3978530524412154,0.6017229856601785,0.398021798518602,0.601978201481398,-0.007610153639251327,-0.010224523251742723
1988,GA,714792,1081331,13549,1809672,0.394984284444916,0.5975287234371753,0.3979638365523965,0.6020361634476036,-0.06151231318252659,-0.06302072898748218
1992,GA,1008966,995252,316915,2321133,0.4346868533599755,0.4287785318635339,0.5034212845109663,0.49657871548903365,0.004912498194027726,-0.031378608539293196
1996,GA,1053849,1080843,164207,2298899,0.4584146584952188,0.4701568011469838,0.4936773080144583,0.5063226919855417,-0.033358217349406194,-0.05368631787263367
2000,GA,1116230,1419720,47258,2583208,0.4321099965624139,0.5495956965137921,0.4401624637709734,0.5598375362290265,-0.05083477958969673,-0.062498359922494695
2004,GA,1366149,1914254,21472,3301875,0.41374946053378764,0.5797475676698846,0.4164576730359044,0.5835423269640956,-0.06870539316600421,-0.07115058345148029
2008,GA,1844123,2048759,31604,3924486,0.46990179096065066,0.5220451799292952,0.47371664489188214,0.5262833551081179,-0.05892832649557933,-0.06317179220760083
2012,GA,1773827,2078688,45324,3897839,0.45507959666882086,0.5332924217752452,0.46043350901943275,0.5395664909805672,-0.055216682802209316,-0.05914954321985871
2016,GA,1877963,2089104,147665,4114732,0.4563998335736082,0.50771326054771,0.47338827400696787,0.5266117259930322,-0.02503139141386085,-0.03774410055894767
2020,GA,2473707,2461779,62238,4997724,0.49496670884586663,0.4925800224262084,0.5012083916355957,0.4987916083644042,-0.01821827577093843,-0.021498825583947778
1976,HI,147375,140003,3923,291301,0.5059199934088795,0.48061283689379714,0.5128263123829938,0.4871736876170062,0.005611579370993103,0.002322159721818151
1980,HI,135879,130112,37296,303287,0.4480211812573569,0.42900618885741887,0.510840592350869,0.48915940764913096,0.037821878163652345,0.06386309112064287
1984,HI,147154,185050,3642,335846,0.43815915627996166,0.5509965877217534,0.442962757823506,0.557037242176494,0.03269595019949495,0.034716436053161326
1988,HI,192364,158625,3472,354461,0.5426944007944456,0.44751044543687457,0.5480627598015892,0.45193724019841075,0.08619780316700304,0.0870781942617106
1992,HI,179310,136822,56710,372842,0.48092757790163126,0.3669704593366627,0.567199777308213,0.432800222691787,0.05115322273568351,0.03239988425795348
1996,HI,205012,113943,41165,360120,0.5692880151060757,0.3164028657114295,0.6427615180824882,0.3572384819175119,0.07751513926145076,0.09539789219539618
2000,HI,205286,137845,24820,367951,0.5579166791230354,0.3746286869719066,0.5982729628042934,0.40172703719570657,0.07497190297092482,0.09561213911082533
2004,HI,231708,194191,3114,429013,0.5400955215809311,0.45264595711551864,0.5440444800293027,0.4559555199706973,0.05764066788113925,0.05643622354191802
2008,HI,325871,120566,9627,456064,0.7145291011787819,0.2643620193657031,0.7299372587845542,0.2700627412154459,0.1856989837225519,0.1930488216850712
2012,HI,306658,121015,9486,437159,0.7014793244563191,0.2768214768539593,0.7170384850107442,0.2829615149892558,0.19118304498528893,0.19745543277145272
2016,HI,266891,128847,41926,437664,0.6098079805512905,0.29439707172625573,0.6744133745053545,0.32558662549464545,0.12837675556382144,0.163280999939439
2020,HI,366130,196864,11475,574469,0.6373363923901899,0.3426886394217965,0.6503266464651488,0.3496733535348512,0.12415140777338485,0.12761942924560532
1976,IA,619931,632864,26508,1279303,0.48458496540694423,0.49469437654722925,0.4948383414684765,0.5051616585315235,-0.01572344863094216,-0.015665811192699164
1980,IA,508672,676026,132963,1317661,0.3860416298273987,0.5130500181761469,0.42936849728791643,0.5706315027120836,-0.024157673266305857,-0.017609003942309687
1984,IA,605620,703088,11097,1319805,0.4588708180375131,0.5327211216808544,0.4627617466997986,0.5372382533002015,0.05340761195704641,0.05451542492945388
1988,IA,670557,545355,9702,1225614,0.5471192398259158,0.4449647278833303,0.5514848114008251,0.44851518859917494,0.09062264219847321,0.0905002458609464
1992,IA,586353,504891,263363,1354607,0.43285838623305506,0.37272138708865377,0.5373252911356213,0.4626747088643786,0.003084031067107307,0.0025253980853617852
1996,IA,620258,492644,121173,1234075,0.5026096469015254,0.3992010210076373,0.5573338892373273,0.4426661107626727,0.010836771056900452,0.00997026335023532
2000,IA,638517,634373,80132,1353022,0.4719191557860848,0.4688563822317745,0.5016277918751817,0.4983722081248183,-0.011025620366025835,-0.0010330318182864007
2004,IA,741898,751957,13053,1506908,0.4923313168421695,0.4990065750530225,0.49663320737287087,0.5033667926271291,0.009876463142377667,0.00902495088548616
2008,IA,828940,682379,25804,1537123,0.5392802007386527,0.4439325935530208,0.5484877778946735,0.45151222210532654,0.010450083282422695,0.011599340795190538
2012,IA,822544,730617,29019,1582180,0.5198801653414908,0.46177868510536096,0.5295935192810017,0.4704064807189982,0.009583885870460662,0.01001046704171027
2016,IA,653669,800983,110928,1565580,0.41752513445496237,0.5116206134467737,0.4493645215487965,0.5506354784512034,-0.06390609053250668,-0.06176785301711901
2020,IA,759061,897672,34138,1690871,0.44891715571442176,0.5308932496920227,0.4581673691536295,0.5418326308463706,-0.0642678289023833,-0.06453984806591401
1976,ID,126549,204151,10232,340932,0.37118545633733413,0.5988026937923104,0.38267009374055033,0.6173299062594496,-0.12912295770055227,-0.12783405892062533
1980,ID,110192,290699,36540,437431,0.25190715792890767,0.6645596676961624,0.2748677321266878,0.7251322678733122,-0.1582921451647969,-0.1721097691035383
1984,ID,108510,297523,5111,411144,0.2639221294728854,0.723646702858366,0.2672442880258501,0.7327557119741499,-0.1415410766075813,-0.1410020337444946
1988,ID,147272,253881,7815,408968,0.36010641419377554,0.6207845112576045,0.3671217714936695,0.6328782285063305,-0.09639018343366706,-0.09386279404620917
1992,ID,137013,202645,142456,482114,0.2841921205358069,0.4203258980241188,0.40338516978843425,0.5966148302115658,-0.14558223463014086,-0.1314147232618253
1996,ID,165443,256595,69673,491711,0.3364638985094903,0.521841081448249,0.3920097242428407,0.6079902757571594,-0.15530897733513466,-0.15535390164425128
2000,ID,138637,336937,26041,501615,0.27638128843834414,0.6717043948047806,0.29151509544255994,0.7084849045574401,-0.20656348771376648,-0.21114572825090816
2004,ID,181098,409235,8043,598376,0.3026491704212736,0.6839094482399026,0.306772618166357,0.6932273818336431,-0.17980568327851826,-0.18083563832102773
2008,ID,236440,403012,15670,655122,0.3609098763283785,0.6151709147303861,0.3697541019497945,0.6302458980502055,-0.16792024112785148,-0.16713433514968845
2012,ID,212787,420911,18576,652274,0.3262233355920978,0.6452978349589283,0.3357861315642467,0.6642138684357534,-0.18407294387893236,-0.18379692067504477
2016,ID,189765,409055,91435,690255,0.27492013820979205,0.5926143236919689,0.31689823319194416,0.6831017668080558,-0.206511086777677,-0.19423414137397138
2020,ID,287021,554118,26966,868105,0.33062935935169135,0.6383075780003571,0.3412289764236351,0.6587710235763649,-0.1825556252651137,-0.1814782407959084
1976,IL,2271295,2364269,85718,4721282,0.48107590268914247,0.5007684353529401,0.4899716625636061,0.510028337436394,-0.01923251134874393,-0.020532490097569578
1980,IL,1981413,2358049,410259,4749721,0.41716408184817594,0.49646052894475273,0.45660337617889035,0.5433966238211096,0.006964778754471379,0.009625874948664237
1984,IL,2086499,2707103,25486,4819088,0.43296553206747834,0.5617459154097206,0.4352674669277925,0.5647325330722075,0.027502325987011633,0.0270211451574478
1988,IL,2215940,2310939,32241,4559120,0.4860455526505115,0.5068826878871361,0.4895072300364114,0.5104927699635886,0.029548955023068924,0.028522664496532735
1992,IL,2453350,1734096,862711,5050157,0.48579677819917283,0.3433746713220995,0.585882182122468,0.41411781787753205,0.05602242303322508,0.051082289072208464
1996,IL,2341744,1587021,382626,4311391,0.5431527783028726,0.3680995298269166,0.5960509218545778,0.4039490781454223,0.051379902458247584,0.04868729596748578
2000,IL,2589026,2019421,133661,4742108,0.545965212095549,0.42584879973210227,0.5618001031583959,0.4381998968416041,0.06302043594343842,0.05913927946492781
2004,IL,2891550,2345946,36826,5274322,0.5482316020902781,0.4447862682634849,0.5520863404955345,0.4479136595044655,0.06577674839048625,0.0644780840081498
2008,IL,3419348,2031179,71844,5522371,0.6191811452001323,0.36780922542147204,0.6273426404455936,0.3726573595544064,0.09035102774390236,0.09045420334611065
2012,IL,3019512,2135216,87286,5242014,0.5760213536247709,0.407327412708169,0.585775233921169,0.4142247660788309,0.06572507415374074,0.06619218168187757
2016,IL,3090729,2146015,299680,5536424,0.558253666987933,0.3876175307382527,0.5902005139071148,0.4097994860928852,0.07682244200046395,0.07906813934119927
2020,IL,3471680,2446733,120059,6038472,0.5749269020374691,0.4051907502427767,0.5865896820651076,0.41341031793489236,0.06174191742066404,0.06388246484556415
1976,IN,1014714,1183958,21690,2220362,0.45700385792947273,0.5332274647107094,0.46151222192305175,0.5384877780769483,-0.04330455610841366,-0.04899193073812391
1980,IN,844197,1255656,142180,2242033,0.3765319243739945,0.5600524167128673,0.4020267132985023,0.5979732867014976,-0.03366737871971004,-0.0449507879317238
1984,IN,841481,1377230,14358,2233069,0.3768271378985602,0.6167431458678617,0.37926570878316285,0.6207342912168372,-0.028636068181906504,-0.028980612987181853
1988,IN,860643,1297763,10215,2168621,0.39686187674102574,0.5984277566250626,0.3987400887506799,0.6012599112493201,-0.05963472088641686,-0.062244476789198755
1992,IN,848420,989375,468076,2305871,0.3679390564346401,0.42906780127769506,0.4616510546606123,0.5383489453393877,-0.061835298731307664,-0.07314883838964725
1996,IN,887424,1006693,241314,2135431,0.41557137645749265,0.4714238015651173,0.46851593644954354,0.5314840635504565,-0.07620149938713233,-0.07884768943754844
2000,IN,901980,1245836,51486,2199302,0.4101210293083897,0.566468816015263,0.41995217467418067,0.5800478253258193,-0.07282374684372095,-0.08270864901928743
2004,IN,969011,1479438,19553,2468002,0.39262974665336575,0.5994476503665718,0.3957652375034154,0.6042347624965846,-0.0898251070464261,-0.0918430189839693
2008,IN,1374039,1345648,31367,2751054,0.4994591163968428,0.4891390717884854,0.5052195344537809,0.49478046554621913,-0.02937100105938717,-0.0316689026457021
2012,IN,1152887,1420543,51104,2624534,0.43927302904058396,0.5412553238022445,0.447996254026727,0.5520037459732731,-0.07102325043044622,-0.07158679821256447
2016,IN,1033126,1557286,144546,2734958,0.37774839686752043,0.5694003344841128,0.3988269047549193,0.6011730952450807,-0.10368282811994861,-0.11230546981099626
2020,IN,1242495,1729852,60851,3033198,0.40963201215350925,0.5703063235568532,0.4180181519856194,0.5819818480143806,-0.10355297246329581,-0.10468906523392407
1976,KS,430421,502752,24672,957845,0.44936393675385894,0.5248782423043394,0.4612445923746186,0.5387554076253813,-0.050944477284027456,-0.049259560286557036
1980,KS,326150,566812,86833,979795,0.33287575462214036,0.578500604718334,0.3652451056147966,0.6347548943852034,-0.0773235484715642,-0.0817323956154295
1984,KS,333149,677296,11546,1021991,0.32598036577621525,0.66272207876586,0.3297052288843034,0.6702947711156966,-0.07948284030425146,-0.07854109288604127
1988,KS,422636,554049,16359,993044,0.4255964488985382,0.5579299608073761,0.4327249829781352,0.5672750170218648,-0.030900148728904397,-0.028259582561743435
1992,KS,390434,449951,316851,1157236,0.3373849413602757,0.38881524598266903,0.4645894441238242,0.5354105558761758,-0.09238941380567206,-0.07021044892643535
1996,KS,387659,583245,103396,1074300,0.3608479940426324,0.542907009215303,0.39927634452015853,0.6007236554798414,-0.13092488180199258,-0.14808728136693344
2000,KS,399276,622332,50608,1072216,0.3723839226424526,0.580416632469577,0.39083092536471914,0.6091690746352808,-0.110560853509658,-0.11182989832874896
2004,KS,434993,736456,16307,1187756,0.3662309430556444,0.620039806155473,0.3713290121891777,0.6286709878108223,-0.11622391064414744,-0.11627924429820702
2008,KS,514765,699655,21452,1235872,0.41651967194013617,0.5661225434349189,0.42387724181090564,0.5761227581890944,-0.11231044551609382,-0.11301119528857734
2012,KS,440726,692634,26611,1159971,0.3799457055391902,0.5971132036921613,0.38886673254746945,0.6111332674525305,-0.13035057393183996,-0.130716319691822
2016,KS,427005,671018,86379,1184402,0.36052370732234496,0.5665458180583958,0.38888529657393334,0.6111147034260667,-0.12090751766512409,-0.1222470779919822
2020,KS,570323,771406,33575,1375304,0.4146886797391704,0.5608985358873384,0.4250657174436865,0.5749342825563135,-0.09849630487763467,-0.09764149977585701
1976,KY,615717,531852,19573,1167142,0.5275424926872652,0.45568748275702525,0.5365402864664347,0.4634597135335653,0.027234078649378768,0.026036133805259043
1980,KY,617417,635274,42936,1295627,0.4765391582608266,0.4903216743707873,0.4928725439873041,0.5071274560126958,0.06633985516712204,0.04589504275707801
1984,KY,539539,821702,8104,1369345,0.39401246581394755,0.6000693762346231,0.39635817610548024,0.6036418238945198,-0.011450740266519155,-0.011888145664864458
1988,KY,580368,734281,7868,1322517,0.4388359469103233,0.5552147911898297,0.44146232188211454,0.5585376781178855,-0.01766065071711931,-0.019522243657764116
1992,KY,665104,617178,210618,1492900,0.4455114207247639,0.4134088016611963,0.5186877769476606,0.4813122230523395,0.015737065558816155,-0.016112116102598995
1996,KY,636614,623283,128811,1388708,0.4584217848532593,0.4488222146052302,0.5052905118434284,0.4947094881565715,-0.033351090991365684,-0.04207311404366354
2000,KY,638923,872520,32663,1544106,0.4137818258591055,0.565064833631888,0.42272384734323426,0.5772761526567658,-0.06916295029300512,-0.07993697635023383
2004,KY,712733,1069439,13710,1795882,0.39687072981409693,0.5954951383220055,0.39992380084526075,0.6000761991547393,-0.08558412388569492,-0.08768445564212396
2008,KY,751985,1048462,26173,1826620,0.4116811378392879,0.5739902114287592,0.4176657241229539,0.5823342758770461,-0.1171489796169421,-0.11922271297652909
2012,KY,679370,1087190,30652,1797212,0.37801327834445797,0.6049314159932162,0.38457227606195094,0.6154277239380491,-0.1322830011265722,-0.13501077617734053
2016,KY,628854,1202971,92324,1924149,0.3268218833364776,0.6251963855190009,0.34329370982490137,0.6567062901750986,-0.15460934165099144,-0.16783866474101417
2020,KY,772474,1326646,37648,2136768,0.3615151481115404,0.6208657186929044,0.36799897099737033,0.6320010290026297,-0.15166983650526467,-0.15470824622217316
1976,LA,661365,587446,28572,1277383,0.5177499622274604,0.45988243150253294,0.5295957514788067,0.47040424852119334,0.017441548189573997,0.019091598817631006
1980,LA,708453,792853,47285,1548591,0.45748231779727505,0.5119834740095996,0.4718911401140074,0.5281088598859925,0.04728301470357049,0.024913638883781286
1984,LA,651586,1037299,17937,1706822,0.38175392630280136,0.6077370692433072,0.3858083883745785,0.6141916116254215,-0.02370927977766535,-0.02243793339576622
1988,LA,717460,883702,27040,1628202,0.4406455710040892,0.5427471529945301,0.4480870767605027,0.5519129232394974,-0.015851026623353415,-0.012897488779375965
1992,LA,815971,733386,240660,1790017,0.4558453914124838,0.40970895807134794,0.5266513786041565,0.47334862139584355,0.02607103624653606,-0.008148514446103094
1996,LA,927837,712586,143536,1783959,0.5200999574541791,0.3994407943231879,0.5656083827159214,0.43439161728407855,0.02832708160955416,0.018244756828829423
2000,LA,792344,927871,45441,1765656,0.44875332454339917,0.5255106317425365,0.4606075403365277,0.5393924596634723,-0.034191451608711454,-0.04205328335694042
2004,LA,820299,1102169,20638,1943106,0.4221586470321228,0.5672202134108999,0.4266905873075651,0.573309412692435,-0.06029620666766905,-0.06091766917981961
2008,LA,782989,1148275,29497,1960761,0.3993291380234511,0.5856272131075638,0.40542825838414637,0.5945717416158537,-0.12950097943277888,-0.1314601787153366
2012,LA,809141,1152262,32662,1994065,0.4057746362330215,0.5778457572847425,0.4125317438588602,0.5874682561411397,-0.10452164323800867,-0.10705130838043125
2016,LA,780154,1178638,70240,2029032,0.3844956609851397,0.580886846535688,0.3982832276219221,0.601716772378078,-0.09693556400232933,-0.11284914694399345
2020,LA,856034,1255776,36252,2148062,0.39851456801526214,0.5846088241400853,0.4053555954370895,0.5946444045629105,-0.11467041660154292,-0.11735162178245401
1976,MA,1429475,1030276,87807,2547558,0.5611157822510813,0.40441709276098914,0.5811462217110593,0.4188537782889406,0.06080736821319488,0.07064206904988368
1980,MA,1053802,1057631,412657,2524090,0.41749779128319514,0.41901477364119344,0.49909326983143676,0.5009067301685632,0.007298488189490582,0.052115768601210644
1984,MA,1239606,1310936,8841,2559383,0.4843378267340214,0.5122078250890938,0.48601669762740624,0.5139833023725937,0.07887462065355472,0.07777037585706154
1988,MA,1401415,1194635,36751,2632801,0.5322905149306765,0.4537505873022686,0.5398258893318696,0.4601741106681304,0.07579391730323387,0.07884132379199094
1992,MA,1318639,805039,649986,2773664,0.47541410927927824,0.2902438795758967,0.6209222867120157,0.37907771328798434,0.04563975411333049,0.08612239366175611
1996,MA,1571509,718058,266892,2556459,0.614720987115381,0.2808799202334166,0.6863782540541509,0.31362174594584913,0.12294811127075606,0.1390146281670589
2000,MA,1616487,878502,238975,2733964,0.5912612602067913,0.32132902993601964,0.6478934376063381,0.35210656239366184,0.10831648405468064,0.14523261391287
2004,MA,1803800,1071109,52546,2927455,0.616166602048537,0.3658840187124994,0.6274285551299189,0.3725714448700811,0.13371174834874516,0.1398202986425342
2008,MA,1904097,1108854,90044,3102995,0.6136319910280229,0.3573495928933176,0.6319707821335295,0.36802921786647047,0.08480187357179292,0.09508234503404656
2012,MA,1921290,1188314,74592,3184196,0.6033830832021647,0.37319122315334863,0.6178568074906001,0.38214319250939993,0.09308680373113454,0.09827375525130866
2016,MA,1995196,1090893,292732,3378821,0.5905006509667129,0.3228620279085515,0.646512786896295,0.35348721310370507,0.10906942597924385,0.13538041233037945
2020,MA,2382202,1167202,81998,3631402,0.6560006300596849,0.3214191103050557,0.6711554954014815,0.3288445045985185,0.14281564544287983,0.14844827818193795
1976,MD,759612,672661,0,1432273,0.5303541992343639,0.46964580076563617,0.5303541992343639,0.46964580076563617,0.030045785196477492,0.01985004657318823
1980,MD,726161,680606,133729,1540496,0.4713812953749961,0.44180965091762653,0.516191380662185,0.483808619337815,0.061181992281291564,0.06921387943195884
1984,MD,787935,879918,8020,1675873,0.4701639086016661,0.5250505259050059,0.4724247280785537,0.5275752719214463,0.06470070252119942,0.06417840630820898
1988,MD,826304,876167,11887,1714358,0.48199034274054775,0.511075866300971,0.48535569768882997,0.5146443023111701,0.02549374511310515,0.024371132148951313
1992,MD,988571,707094,288915,1984580,0.4981260518598394,0.3562940269477673,0.5829990003921766,0.4170009996078235,0.06835169669389163,0.048199107341917014
1996,MD,966207,681530,133133,1780870,0.5425477435186173,0.38269497492798465,0.5863842348627238,0.41361576513727616,0.05077486767399236,0.039020608975631865
2000,MD,1144008,813827,67377,2025212,0.5648830838450493,0.40184780655062285,0.584322989424543,0.4156770105754571,0.08193830769293864,0.08166216573107488
2004,MD,1334500,1024703,25035,2384238,0.5597176120840285,0.4297821777859425,0.5656571308191792,0.4343428691808208,0.07726275838423663,0.07804887433179453
2008,MD,1629467,959862,42267,2631596,0.6191934476264593,0.364745196451127,0.6293008729288553,0.37069912707114466,0.09036333017022935,0.09241243582937231
2012,MD,1677844,971869,57614,2707327,0.6197419077931849,0.3589773233894539,0.6332172578690598,0.3667827421309402,0.10944562832215476,0.11363420562976834
2016,MD,1678006,943428,160012,2781446,0.6032854853195064,0.3391861643188471,0.6401099550856516,0.3598900449143484,0.12185426033203739,0.12897758051973607
2020,MD,1985023,976414,57627,3019064,0.657496164374124,0.32341613162225114,0.6702904704709234,0.3297095295290766,0.14431117975731889,0.1475832532513799
1976,ME,232279,236320,14369,482968,0.480940766261947,0.489307780225605,0.49568821102904614,0.5043117889709539,-0.01936764777593941,-0.014815941632129515
1980,ME,220974,238522,63515,523011,0.42250354199051265,0.45605541757247936,0.4809051656597664,0.5190948343402336,0.012304238896808095,0.03392766442954026
1984,ME,214515,336500,2129,553144,0.3878104074165136,0.6083406852465181,0.38930882099398384,0.6106911790060162,-0.017652798663953084,-0.01893750077636086
1988,ME,243569,307131,4335,555035,0.4388353887592674,0.5533542929725153,0.4422898129653169,0.5577101870346831,-0.017661208868175182,-0.018694752574561768
1992,ME,263420,206504,209575,679499,0.3876679730212995,0.30390626034769735,0.5605587286454831,0.4394412713545169,-0.042106382144648236,0.025758835595223517
1996,ME,312788,186378,106731,605897,0.5162395588689167,0.3076067384390416,0.6266212041685532,0.37337879583144684,0.024466683024291724,0.07925757828146118
2000,ME,319951,286616,45250,651817,0.4908601647394898,0.43971850994987854,0.5274784154100042,0.4725215845899958,0.007915388587379169,0.02481759171653608
2004,ME,396842,330201,13709,740752,0.5357285569259347,0.44576457437846945,0.545830164103086,0.45416983589691395,0.05327370322614283,0.05822190761570134
2008,ME,421923,295273,13967,731163,0.5770573729797597,0.40384018337908234,0.588295249834076,0.41170475016592395,0.04822725552352969,0.05140681273459302
2012,ME,401306,292276,31176,724758,0.5537103419348252,0.40327392039825705,0.5785992139357711,0.42140078606422887,0.04341406246379498,0.05901616169647961
2016,ME,357735,335593,78564,771892,0.4634521409730895,0.43476678084498865,0.5159679112916253,0.48403208870837466,-0.01797908401437953,0.004835536725709799
2020,ME,435072,360737,24696,820505,0.5302490539362953,0.4396524091870251,0.5467040458200397,0.45329595417996027,0.017064069319490227,0.023996828600496234
1976,MI,1696714,1893742,61134,3651590,0.46465074118397737,0.518607510700818,0.4725622595013001,0.5274377404986998,-0.03565767285390903,-0.03794189315987556
1980,MI,1661532,1915225,332968,3909725,0.42497413500949555,0.48986181892588354,0.46453589103201587,0.5354641089679841,0.014774831915790987,0.017558389801789753
1984,MI,1529638,2251571,20449,3801658,0.4023607594370667,0.5922602717025045,0.40453675001831424,0.5954632499816858,-0.0031024466434000364,-0.0037095717520304605
1988,MI,1675783,1965486,27894,3669163,0.4567207834593339,0.5356769377648254,0.46021950039944864,0.5397804996005513,0.00022418583189132146,-0.0007650651404300102
1992,MI,1871182,1554940,848551,4274673,0.43773687484399393,0.36375647915056897,0.5461515964697112,0.45384840353028877,0.007962519678046176,0.011351703419451686
1996,MI,1989653,1481212,377979,3848844,0.5169482057469723,0.3848459433533809,0.5732441336669677,0.42675586633303225,0.025175329902347332,0.025880507779875717
2000,MI,2170418,1953139,108944,4232501,0.5127979887069135,0.46146214732140645,0.5263460648173409,0.473653935182659,0.029853212554802888,0.023685241123872824
2004,MI,2479183,2313746,46323,4839252,0.5123070672905647,0.4781205855781017,0.5172584446796521,0.48274155532034796,0.02985221359077289,0.02965018819226739
2008,MI,2872579,2048639,80378,5001596,0.5743324730745946,0.40959705661952706,0.5837130157615452,0.4162869842384548,0.045502355618364576,0.046824578662062244
2012,MI,2564569,2115256,51136,4730961,0.5420820421051875,0.4471091602742022,0.5480053207117788,0.45199467928822123,0.03178576263415733,0.0284222684724873
2016,MI,2268839,2279543,250902,4799284,0.4727453095086684,0.47497564219996147,0.4988233178303845,0.5011766821696155,-0.008685915478800654,-0.01230905673553101
2020,MI,2804040,2649852,85410,5539302,0.5062081829082437,0.4783729069113762,0.5141355934440947,0.4858644065559054,-0.006976801708561409,-0.008571623775448844
1976,MN,1070440,819395,60096,1949931,0.5489630145887213,0.4202174333348206,0.566419819719711,0.433580180280289,0.048654600550834926,0.055915667058535345
1980,MN,954173,873268,224475,2051916,0.4650156244212726,0.4255866224543305,0.5221361455718679,0.477863854428132,0.05481632132756803,0.07515864434164182
1984,MN,1036364,1032603,15482,2084449,0.49718846563288427,0.49538415187898577,0.5009089076819495,0.4990910923180505,0.09172525955241756,0.09266258591160481
1988,MN,1109471,962337,24982,2096790,0.5291283342633263,0.4589572632452463,0.5355085992524404,0.4644914007475596,0.07263173663588368,0.07452403371256178
1992,MN,1020997,747841,579110,2347948,0.4348465127847806,0.3185083315303405,0.5772134022448636,0.42278659775513644,0.00507215761883284,0.04241350919460407
1996,MN,1120380,766395,305717,2192492,0.5110075658200806,0.3495542971194422,0.5938068927137576,0.4061931072862424,0.019234689975455577,0.04644326682666566
2000,MN,1168266,1109659,160760,2438685,0.479055720603522,0.4550235065209324,0.5128641197581132,0.4871358802418868,-0.003889055548588649,0.010203296064645095
2004,MN,1445014,1346695,36678,2828387,0.5108968468600654,0.47613533791521456,0.5176091061066895,0.4823908938933105,0.02844199316027357,0.030000849619304826
2008,MN,1573354,1275409,61606,2910369,0.5406029269827984,0.43822931044139074,0.5522937499539273,0.4477062500460726,0.01177280952656845,0.015405312854444353
2012,MN,1546167,1320225,70169,2936561,0.5265230315324626,0.4495820110666865,0.5394122646169819,0.4605877353830181,0.016226752061432426,0.01982921237769042
2016,MN,1367705,1322949,254128,2944782,0.4644503396176695,0.4492519310427733,0.5083169370718048,0.49168306292819514,-0.016980885369799525,-0.0028154374941107285
2020,MN,1717077,1484065,76029,3277171,0.5239509930974001,0.4528494240916937,0.5363951364856667,0.46360486351433333,0.010766008480595057,0.013687919266123227
1976,MO,998387,927443,27770,1953600,0.5110498566748567,0.47473536036036035,0.5184190712575877,0.4815809287424124,0.0107414426369703,0.007914918596412024
1980,MO,931182,1074181,94461,2099824,0.4434571659339068,0.511557635306578,0.4643458565855658,0.5356541434144342,0.03325786284020227,0.017368355355339704
1984,MO,848583,1274188,0,2122771,0.39975249332122964,0.6002475066787704,0.39975249332122964,0.6002475066787704,-0.005710712759237069,-0.00849382844911506
1988,MO,1001619,1084953,6656,2093228,0.4785044916272857,0.5183157305367595,0.4800308831902278,0.5199691168097722,0.022007893999843098,0.019046317650349143
1992,MO,1053873,811159,526238,2391270,0.4407168575694087,0.3392168178415654,0.5650696610031356,0.4349303389968644,0.010942502403460952,0.03026976795287606
1996,MO,1025935,890016,242114,2158065,0.4753957827961623,0.41241389856190613,0.5354703747642815,0.46452962523571845,-0.016377093048462688,-0.011893251122810478
2000,MO,1111138,1189924,58830,2359892,0.47084273348102373,0.5042281595937441,0.48288051343249333,0.5171194865675066,-0.012102042671086888,-0.019780310260974765
2004,MO,1259171,1455713,16480,2731364,0.46100446516831883,0.5329619193926551,0.4638028733456015,0.5361971266543984,-0.02145038853147302,-0.02380538314178321
2008,MO,1441911,1445814,37480,2925205,0.49292647865705136,0.49426074411878823,0.4993242085032335,0.5006757914967664,-0.03590363879917863,-0.03756422859624947
2012,MO,1223796,1482440,51087,2757323,0.4438348354545333,0.5376374113587709,0.45221333246620027,0.5477866675337997,-0.0664614440164969,-0.0673697197730912
2016,MO,1071068,1594511,143026,2808605,0.3813523083523671,0.5677234783816165,0.40181439004433933,0.5981856099556606,-0.10007891663510193,-0.1093179845215762
2020,MO,1253561,1717912,58113,3029586,0.41377303697600926,0.5670451342196591,0.421865182688855,0.578134817311145,-0.0994119476407958,-0.10084203453068852
1976,MS,381329,366846,20215,768390,0.4962701232447065,0.4774216218326631,0.509678885287533,0.490321114712467,-0.004038290793179911,-0.0008252673736426352
1980,MS,429281,441089,21380,891750,0.48139164564059433,0.49463302495093914,0.4932166779645438,0.5067833220354562,0.07119234254688978,0.04623917673431771
1984,MS,352192,582377,6535,941104,0.3742328159268264,0.6188232118873154,0.3768496494105839,0.623150350589416,-0.03123039015364032,-0.03139667235976079
1988,MS,363921,557890,9716,931527,0.39067144591622144,0.5988983679485405,0.39478917044817213,0.6052108295518279,-0.06582515171122116,-0.06619539509170652
1992,MS,400258,487793,93742,981793,0.40768064143867394,0.4968389467026145,0.45071510532615805,0.5492848946738419,-0.02209371372727381,-0.0840847877241015
1996,MS,394022,439838,59997,893857,0.4408110022072882,0.4920675231049262,0.472527762454129,0.527472237545871,-0.050961873637336785,-0.074835863432963
2000,MS,404614,572844,16726,994184,0.40698100150475164,0.5761951509982056,0.4139451516075371,0.5860548483924629,-0.07596377464735898,-0.08871567208593101
2004,MS,457766,672660,9398,1139824,0.40161112592821346,0.5901437414899142,0.40494999230378637,0.5950500076962136,-0.08084372777157839,-0.08265826418359834
2008,MS,554662,724597,10606,1289865,0.43001554426238403,0.5617618898101739,0.43358069007136163,0.5664193099286384,-0.09881457319384596,-0.10330774702812134
2012,MS,562949,710746,11889,1285584,0.4378935954398935,0.5528584674358112,0.4419810080121222,0.5580189919878777,-0.0724026840311367,-0.07760204422716926
2016,MS,485131,700714,23512,1209357,0.40114788271784096,0.5794103808883564,0.4091015267593994,0.5908984732406006,-0.08028334226962808,-0.10203084780651611
2020,MS,539398,756764,19016,1315178,0.41013307704356367,0.5754080436260339,0.4161501417261114,0.5838498582738886,-0.1030519075732414,-0.10655707549343207
1976,MT,149259,173703,5772,328734,0.4540418697183741,0.5283998612860246,0.46215653854013783,0.5378434614598622,-0.04626654431951227,-0.04834761412103783
1980,MT,118032,206814,39106,363952,0.32430650195630195,0.5682452631116192,0.36334755545704733,0.6366524445429527,-0.08589280113740261,-0.08362994577317878
1984,MT,146742,232450,5185,384377,0.381765818454278,0.6047448208399566,0.38698601236313,0.61301398763687,-0.023697387626188726,-0.021260309407214684
1988,MT,168936,190412,6326,365674,0.46198526556440983,0.5207151725307241,0.4701181027861572,0.5298818972138428,0.005488667936967229,0.009133537246278522
1992,MT,154507,144207,111869,410583,0.3763112452293446,0.3512249654759208,0.517240571248753,0.482759428751247,-0.05346310993660314,-0.017559321801506544
1996,MT,167922,179652,59509,407083,0.41250064483164367,0.44131540742305625,0.48312589549275836,0.5168741045072416,-0.07927223101298131,-0.06423773039433361
2000,MT,137126,240178,33682,410986,0.3336512679264014,0.584394602249225,0.3634363802133028,0.6365636197866972,-0.14929350822570925,-0.13922444348016527
2004,MT,173710,266063,10661,450434,0.3856502839483698,0.5906814316858852,0.39499923824336647,0.6050007617566335,-0.09680456975142204,-0.09260901824401824
2008,MT,231667,242763,15679,490109,0.4726846477008176,0.495324509445858,0.4883059671605927,0.5116940328394073,-0.0561454697554124,-0.04858246993889026
2012,MT,201839,267928,14281,484048,0.41698137374805805,0.553515353849205,0.42965768136118543,0.5703423186388146,-0.09331490572297213,-0.08992537087810604
2016,MT,177709,279240,37577,494526,0.35935218775150346,0.5646619186857719,0.38890335682975563,0.6110966431702444,-0.12207903723596558,-0.1222290177361599
2020,MT,244786,343602,17362,605750,0.4041040033016921,0.5672340074288073,0.41602819907951893,0.5839718009204811,-0.10908098131511296,-0.10667901814002456
1976,NC,927365,741960,8581,1677906,0.5526918671248569,0.4421940204040036,0.5555329249846495,0.44446707501535054,0.052383453086970455,0.0450287723234738
1980,NC,875635,915018,65180,1855833,0.47182855353903075,0.49304975178262267,0.4890031737025543,0.5109968262974457,0.06162925044532619,0.04202567247232819
1984,NC,824287,1346481,4593,2175361,0.37891963678672186,0.6189689895148437,0.3797213705011314,0.6202786294988686,-0.02654356929374485,-0.028524951269213283
1988,NC,890167,1237258,6945,2134370,0.41706311464272827,0.5796829977932598,0.4184246213144999,0.5815753786855,-0.03943348298471433,-0.04255994422537873
1992,NC,1114042,1134661,363147,2611850,0.42653368302161304,0.43442808737102057,0.49541535720813284,0.5045846427918671,-0.003240672144334711,-0.0393845358421267
1996,NC,1107849,1225938,182020,2515807,0.4403553213740164,0.4872941366328975,0.4747001333026536,0.5252998666973464,-0.051417554470608584,-0.07266349258443838
2000,NC,1257692,1631163,26135,2914990,0.43145671168683253,0.559577562873286,0.4353600301849695,0.5646399698150305,-0.051488064465278094,-0.0673007935084986
2004,NC,1525849,1961166,13992,3501007,0.435831462205017,0.5601719733779452,0.4375802799815888,0.5624197200184111,-0.046623391494774846,-0.05002797650579588
2008,NC,2142651,2128474,39726,4310851,0.49703666399047425,0.49374798618648613,0.5016596330006732,0.4983403669993269,-0.03179345346575574,-0.035228804098809796
2012,NC,2178391,2270395,56586,4505372,0.48350968577067555,0.5039306410214295,0.48965965096995,0.51034034903005,-0.026786593700354633,-0.029923401269341454
2016,NC,2189316,2362631,189617,4741564,0.46172866168209475,0.49828094696180414,0.48096254196281285,0.5190374580371871,-0.019702563305374288,-0.030169832603102686
2020,NC,2684292,2758773,81736,5524801,0.48586220571564476,0.4993434152650928,0.4931581746681328,0.5068418253318673,-0.027322778901160305,-0.02954904255141072
1976,ND,136078,153684,7546,297308,0.4577004318753616,0.5169184818437446,0.4696198949482679,0.5303801050517322,-0.042607982162524816,-0.04088425771290777
1980,ND,79189,193695,28232,301116,0.262985029025359,0.6432570836488264,0.2901929024787089,0.7098070975212911,-0.14721427406834559,-0.15678459875151723
1984,ND,104429,200336,4206,308971,0.33798964951403204,0.6483974224118121,0.3426541761685233,0.6573458238314767,-0.06747355656643467,-0.06559214560182142
1988,ND,127739,166559,2963,297261,0.429720010361265,0.5603123181312045,0.4340464427213233,0.5659535572786767,-0.0267765872661776,-0.026938122818555343
1992,ND,99168,136244,72721,308133,0.32183505174713517,0.442159716745691,0.42125295227091225,0.5787470477290877,-0.10793930341881258,-0.1135469407793473
1996,ND,106905,125050,34456,266411,0.4012784757386144,0.46938752528987165,0.4608868099415835,0.5391131900584165,-0.09049440010601056,-0.08647681594550849
2000,ND,95284,174852,18120,288256,0.3305533969804618,0.6065858126110124,0.3527260342938372,0.6472739657061628,-0.1523913791716488,-0.1499347893996309
2004,ND,111052,196651,5130,312833,0.3549881246543683,0.6286133496146507,0.36090645850056713,0.6390935414994329,-0.12746672904542355,-0.12670179798681758
2008,ND,141278,168601,6742,316621,0.44620540014717913,0.5325010027761898,0.4559134371803188,0.5440865628196813,-0.08262471730905085,-0.08097499991916418
2012,ND,124966,188320,9646,322932,0.38697310888979725,0.5831568255855722,0.39888791711088273,0.6011120828891173,-0.12332317058123293,-0.12069513512840874
2016,ND,93758,216794,33808,344360,0.27226739458706006,0.629556278313393,0.30190757103480254,0.6980924289651974,-0.20916383040040898,-0.209224803531113
2020,ND,114902,235595,11322,361819,0.31756762359080093,0.6511404873707572,0.3278259157710337,0.6721740842289663,-0.19561736102600413,-0.1948813014485098
1976,NE,233293,359219,14237,606749,0.38449671940126806,0.5920388826351588,0.39373548552603155,0.6062645144739685,-0.11581169463661833,-0.11676866713514411
1980,NE,166424,419214,53895,639533,0.2602273846697512,0.6555001852914548,0.2841755487178086,0.7158244512821914,-0.14997191842395335,-0.16280195251241752
1984,NE,187866,460054,4170,652090,0.28809826864389887,0.7055069085555675,0.28995246326707,0.71004753673293,-0.11736493743656784,-0.11829385850327467
1988,NE,259235,397956,4274,661465,0.39191038074576884,0.6016282040621953,0.39445914505828594,0.6055408549417141,-0.06458621688167376,-0.06652542048159271
1992,NE,216864,343678,177004,737546,0.29403454157435605,0.4659750035929962,0.3868826956766844,0.6131173043233157,-0.1357398135915917,-0.14791719737357517
1996,NE,236761,363467,77187,677415,0.34950658016134867,0.5365499730593506,0.39445177499216966,0.6055482250078303,-0.1422662956832763,-0.15291185089492232
2000,NE,231780,433862,31377,697019,0.33253039013283714,0.6224536203460738,0.34820519137914974,0.6517948086208503,-0.15041438601927348,-0.15445563231431836
2004,NE,254328,512814,11044,778186,0.3268216082016382,0.6589864119889075,0.331526627404053,0.6684733725959471,-0.15563324549815366,-0.15608162908333173
2008,NE,333319,452979,14983,801281,0.415982657769247,0.5653185336979162,0.4239092557783436,0.5760907442216564,-0.11284745968698301,-0.11297918132113938
2012,NE,302081,475064,17234,794379,0.38027314417928976,0.5980319217904804,0.38870609731774636,0.6112939026822536,-0.13002313529174042,-0.1308769549215451
2016,NE,284494,495961,63772,844227,0.33698756377135536,0.5874735112712576,0.3645232588682243,0.6354767411317757,-0.14444366121611368,-0.14660911569769125
2020,NE,374583,556846,20842,952271,0.39335756313066345,0.5847558100582713,0.40215947753398273,0.5978405224660173,-0.11982742148614162,-0.12054773968556076
1976,NH,147645,185935,6047,339627,0.43472692100451377,0.5474682519352113,0.44260747047185084,0.5573925295281492,-0.06558149303337263,-0.06789668218932482
1980,NH,108864,221705,53421,383990,0.28350738300476575,0.5773718065574625,0.3293230762715197,0.6706769237284803,-0.12669192008893881,-0.11765442495870643
1984,NH,120347,267050,1507,388904,0.30945168987719335,0.6866733178367926,0.31065547745594313,0.6893445225440569,-0.09601151620327336,-0.09759084431440157
1988,NH,163696,281537,5292,450525,0.36334498640475,0.624908717607236,0.3676636727286612,0.6323363272713388,-0.09315161122269261,-0.09332089281121747
1992,NH,209040,202484,125691,537215,0.38911795091350765,0.37691427082266876,0.507965513554495,0.492034486445505,-0.040656404252440104,-0.026834379495764504
1996,NH,246166,196486,53945,496597,0.4957057734944029,0.395664895277257,0.5561163171068921,0.4438836828931079,0.003932897649777944,0.008752691219800157
2000,NH,266348,273559,29174,569081,0.46803179160787306,0.4807030985044308,0.49332199804781196,0.506678001952188,-0.014912984544237562,-0.009338825645656135
2004,NH,340511,331237,6539,678287,0.5020161082255741,0.4883434298460681,0.5069028862013731,0.49309711379862686,0.019561254525782223,0.01929462971398843
2008,NH,384826,316534,9610,710970,0.5412689705613458,0.44521428470962204,0.548685411201095,0.45131458879890496,0.012438853105115832,0.011796974101612068
2012,NH,369561,329918,11493,710972,0.5197968415071198,0.4640379649268888,0.528337519782581,0.47166248021741897,0.009500562036089621,0.008754467543289568
2016,NH,348526,345790,49980,744296,0.46826262669690555,0.46458666981953417,0.501970284423807,0.49802971557619297,-0.013168598290563494,-0.009162090142108559
2020,NH,424921,365654,13855,804430,0.5282261974317218,0.45455042701042975,0.5374834772159505,0.4625165227840496,0.015041212814916771,0.01477625999640697
1976,NJ,1444653,1509688,60131,3014472,0.4792391503387658,0.500813409446165,0.48899331526049294,0.511006684739507,-0.0210692636991206,-0.021510837400682714
1980,NJ,1147364,1546557,281763,2975684,0.3855799204485422,0.5197315978443948,0.4259085548536872,0.5740914451463127,-0.024619382645162335,-0.02106894637653889
1984,NJ,1261323,1933630,22909,3217862,0.3919754793710855,0.6009051973018109,0.39478608918503655,0.6052139108149635,-0.013487726709381198,-0.013460232585308152
1988,NJ,1320352,1743192,36009,3099553,0.4259814237730408,0.5624010946094485,0.43098842386464825,0.5690115761353517,-0.030515173854401778,-0.029996141675230403
1992,NJ,1436206,1356865,550523,3343594,0.42953959123027496,0.40581033462794824,0.5142031835209345,0.48579681647906553,-0.0002347639356727882,-0.02059670952932502
1996,NJ,1652361,1103099,320400,3075860,0.5372029286118354,0.3586310820388444,0.599667932033127,0.40033206796687304,0.045430052767210405,0.052304306146034985
2000,NJ,1788850,1284173,114203,3187226,0.5612560891508792,0.40291243859079967,0.5821140941672093,0.4178859058327907,0.07831131299876859,0.07945327047374118
2004,NJ,1911430,1670003,30258,3611691,0.5292340900702746,0.4623881168128724,0.5337053631884221,0.46629463681157796,0.0467792363704827,0.046097106701037394
2008,NJ,2215422,1613207,39608,3868237,0.5727213715188599,0.4170393385927491,0.5786462987142394,0.4213537012857605,0.04389125406262995,0.041757861614756475
2012,NJ,2122786,1478088,37625,3638499,0.5834235491063761,0.4062356482714438,0.5895196555058577,0.4104803444941423,0.07312726963534588,0.06993660326656626
2016,NJ,2148278,1601933,123835,3874046,0.554530844496942,0.4135038665002945,0.5728419014290129,0.4271580985709871,0.07309961950947297,0.061709526863097386
2020,NJ,2608271,1883140,72617,4564028,0.5714844431278686,0.41260483064521075,0.5807241866754123,0.41927581332458774,0.05829945851106355,0.05801696945586876
1976,NM,201148,211419,4023,416590,0.4828440433039679,0.5074989798122854,0.4875523248345117,0.5124476751654883,-0.01746437073391849,-0.02295182782666394
1980,NM,167826,250779,37632,456237,0.36784828937591646,0.5496682645204137,0.4009173325688895,0.5990826674311105,-0.0423510137177881,-0.04606016866133661
1984,NM,201769,307101,5500,514370,0.392264323347007,0.5970429846219647,0.39650401870811797,0.603495981291882,-0.013198882733459705,-0.011742303062226733
1988,NM,244497,270341,6549,521387,0.4689357425482415,0.5185035300074609,0.4749008425951464,0.5250991574048536,0.012439144920798895,0.013916277055267767
1992,NM,261617,212824,95545,569986,0.45898846638338486,0.37338460944654783,0.5514215676975641,0.44857843230243594,0.02921411121743711,0.016621674647304574
1996,NM,273495,232751,49828,556074,0.4918320223567367,0.4185611986893831,0.5402413056103159,0.4597586943896841,0.0000591465121116963,-0.007122320276776062
2000,NM,286783,286417,25405,598605,0.47908554054844177,0.47847411899332615,0.5003192602930914,0.49968073970690857,-0.0038592356036688535,-0.0023415634003767227
2004,NM,370942,376930,8432,756304,0.490466796420487,0.498384247604138,0.49599664113645114,0.5040033588635489,0.008011942720695164,0.008388384649066438
2008,NM,472422,346832,10904,830158,0.5690748026279335,0.4177903483433274,0.5766490001879759,0.4233509998120241,0.04024468517170354,0.03976056308849296
2012,NM,415335,335788,32635,783758,0.5299276052046678,0.4284332663909013,0.5529520464690869,0.44704795353091303,0.019631325733637572,0.033368994229795446
2016,NM,385234,319667,93418,798319,0.48255647178634103,0.40042514333242724,0.5465079493432411,0.4534920506567589,0.0011252467988719927,0.03537557477732556
2020,NM,501614,401894,20457,923965,0.5428928584957222,0.43496669246129455,0.5551849015171975,0.4448150984828026,0.029707873878917157,0.032477684297653964
1976,NV,92479,101273,8124,201876,0.4580980403812241,0.5016594345043492,0.4773060407118378,0.5226939592881622,-0.0422103736566623,-0.03319811194933786
1980,NV,66666,155017,22009,243692,0.2735666332912037,0.6361185430789685,0.3007267133699923,0.6992732866300078,-0.13663266980250088,-0.14625078786023382
1984,NV,91655,188770,2292,282717,0.32419345140193195,0.6676995016217631,0.3268431844521708,0.6731568155478291,-0.08126975467853476,-0.08140313731817389
1988,NV,132738,206040,4355,343133,0.38684125397440644,0.6004668743606706,0.39181410835414343,0.6081858916458566,-0.06965534365303616,-0.06917045718573522
1992,NV,189148,175828,141342,506318,0.3735754999822246,0.34726792253089955,0.5182477751961773,0.48175222480382274,-0.05619885518372314,-0.016552117854082282
1996,NV,203974,199244,61061,464279,0.43933496884416484,0.4291471292046377,0.5058653135524703,0.4941346864475296,-0.05243790700046014,-0.041498312334621645
2000,NV,279978,301575,27873,609426,0.4594126276200884,0.49485089247915254,0.4814316150032757,0.5185683849967243,-0.023532148532022235,-0.021229208690192403
2004,NV,397190,418690,13707,829587,0.4787804051895702,0.504696915453111,0.486824042751385,0.513175957248615,-0.0036744485102216395,-0.0007842137359996837
2008,NV,533736,412827,21285,967848,0.551466759243187,0.42654115108984053,0.563867381251961,0.43613261874803894,0.022636641786957012,0.026978944152478035
2012,NV,531373,463567,19978,1014918,0.5235624947040056,0.4567531564126363,0.5340754216334653,0.46592457836653467,0.013266215232975442,0.014492369394173865
2016,NV,539260,512058,74067,1125385,0.4791782367811904,0.4550069531760242,0.512937094199852,0.487062905800148,-0.0022529882062786166,0.001804719633936469
2020,NV,703486,669890,32000,1405376,0.5005678195728402,0.4766624732455941,0.512231173400438,0.48776882659956194,-0.012617165043964818,-0.010476043819105496
1976,NY,3389558,3100791,177913,6668262,0.508312060923821,0.4650073737354651,0.5222458761462596,0.4777541238537404,0.008003646885934579,0.011741723485083955
1980,NY,2728372,2893831,579756,6201959,0.4399209991552669,0.4665995050918589,0.48528521648898126,0.5147147835110187,0.02972169606156233,0.03830771525875515
1984,NY,3119609,3664763,22438,6806810,0.45830704838242875,0.5383965469875022,0.45982281042372086,0.5401771895762791,0.05284384230196204,0.05157648865337616
1988,NY,3347882,3081871,55930,6485683,0.5161957499310404,0.47518064018855066,0.5206859423682372,0.4793140576317628,0.05969915230359785,0.05970137682835852
1992,NY,3444450,2346649,1288333,7079432,0.48654327070307335,0.3314741917148155,0.5947834771949159,0.40521652280508413,0.0567689155371256,0.05998358414465632
1996,NY,3756177,1933492,749460,6439129,0.5833361934510086,0.30027228837937553,0.6601749592111598,0.33982504078884024,0.09156331760638364,0.11281133332406779
2000,NY,4107697,2403374,449144,6960215,0.5901681198066439,0.34530168967481606,0.630878852342418,0.36912114765758197,0.10722334365453323,0.12821802864894993
2004,NY,4314280,2962567,171419,7448266,0.5792328039841756,0.3977525775798018,0.5928776570401989,0.40712234295980115,0.0967779502843838,0.1052694005528142
2008,NY,4804945,2752771,164303,7722019,0.622239468719256,0.3564833238561055,0.6357668110312692,0.36423318896873075,0.09340935126302596,0.09887837393178622
2012,NY,4471871,2485432,159481,7116784,0.6283555887041113,0.3492352725613142,0.6427592703666923,0.3572407296333076,0.11805930923308117,0.12317621812740087
2016,NY,4556124,2819534,426426,7802084,0.5839624387535433,0.36138216404745194,0.6177244118423061,0.38227558815769386,0.10253121376607421,0.10659203727639055
2020,NY,5244006,3250230,121969,8616205,0.6086213129794381,0.37722291890687376,0.6173605254198259,0.3826394745801741,0.09543632836263305,0.0946533082002824
1976,OH,2009959,2000626,99871,4110456,0.4889868666639419,0.48671631565938184,0.5011635459664862,0.4988364540335138,-0.011321547373944474,-0.009340606694689502
1980,OH,1752414,2206545,324644,4283603,0.40909813537809175,0.5151142624561613,0.4426451498992538,0.5573548501007461,-0.0011011677156128052,-0.004332351330972317
1984,OH,1825440,2678559,59236,4563235,0.40003199484576185,0.5869868634861014,0.40529316280931676,0.5947068371906832,-0.005431211234704858,-0.002953158961027935
1988,OH,1939629,2416549,37407,4393585,0.4414684136075665,0.5500175824525985,0.4452593534974925,0.5547406465025074,-0.0150281840198761,-0.01572521204238614
1992,OH,1984942,1894310,1060715,4939967,0.4018128056321024,0.383466124368847,0.5116816334695452,0.48831836653045485,-0.02796154953384533,-0.02311825958071434
1996,OH,2148222,1859883,526329,4534434,0.4737574744720069,0.4101687222705193,0.5359694918172054,0.4640305081827946,-0.01801540137261809,-0.011394134069886541
2000,OH,2183628,2350363,168007,4701998,0.46440428090356484,0.4998647383516539,0.4816127777933392,0.5183872222066608,-0.018540495248545785,-0.021048045900128876
2004,OH,2741165,2859764,26974,5627903,0.48706685243153625,0.508140243355296,0.4894125599521079,0.510587440047892,0.004611998731744393,0.0018043034647232115
2008,OH,2940044,2677820,90486,5708350,0.5150427006052537,0.4691057836327485,0.5233384076225412,0.47666159237745875,-0.013787416850976286,-0.013550029476941727
2012,OH,2827621,2661407,91794,5580822,0.5066674765831987,0.47688440878422567,0.5151405676924949,0.48485943230750506,-0.003628802887831517,-0.004442484546796521
2016,OH,2394164,2841005,261318,5496487,0.4355807627672002,0.5168765067578619,0.45732315422864095,0.5426768457713591,-0.04585046222026884,-0.05380922033727459
2020,OH,2679165,3154834,88203,5922202,0.45239338340705026,0.5327130010087464,0.45923302352297285,0.5407669764770272,-0.0607916012097548,-0.06347419369657065
1976,OK,532442,545708,14101,1092251,0.48747220190231,0.4996177618514426,0.49384779483374297,0.506152205166257,-0.012836212135576397,-0.01665635782743269
1980,OK,402026,695570,52112,1149708,0.3496766135401337,0.6049970949145348,0.366278667196309,0.633721332803691,-0.060522689553570874,-0.08069883403391709
1984,OK,385080,861530,9066,1255676,0.30667146620625063,0.6861085184394701,0.3089017415230104,0.6910982584769896,-0.09879173987421608,-0.09934458024733428
1988,OK,483423,678367,9246,1171036,0.41281651460757823,0.5792879125833877,0.41610187727558334,0.5838981227244167,-0.04368008301986437,-0.04488268826429531
1992,OK,473066,592929,324364,1390359,0.3402473749585539,0.4264574832830945,0.4437788169738132,0.5562211830261868,-0.08952698020739386,-0.09102107607644633
1996,OK,488105,582315,136293,1206713,0.40449137450247075,0.48256296236139,0.4559939089329422,0.5440060910670578,-0.08728150134215423,-0.09136971695414975
2000,OK,474276,744337,15616,1234229,0.38426904569573395,0.603078521084823,0.38919328777881085,0.6108067122211892,-0.09867573045637668,-0.11346753591465725
2004,OK,503966,959792,0,1463758,0.3442959833524394,0.6557040166475606,0.3442959833524394,0.6557040166475606,-0.13815887034735247,-0.14331227313494532
2008,OK,502496,960165,0,1462661,0.343549188773065,0.656450811226935,0.343549188773065,0.656450811226935,-0.18528092868316498,-0.19333924832641797
2012,OK,443547,891325,0,1334872,0.3322768025698344,0.6677231974301656,0.3322768025698344,0.6677231974301656,-0.1780194769011958,-0.18730624966945708
2016,OK,420375,949136,83481,1452992,0.2893168028454389,0.6532286481962736,0.30695262761671865,0.6930473723832813,-0.19211442214203012,-0.20417974694919688
2020,OK,503890,1020280,36529,1560699,0.32286174335986634,0.6537327184806295,0.3305996050309349,0.6694003949690651,-0.19032324125693872,-0.1921076121886086
1976,OR,490407,492120,47349,1029876,0.47618062757069785,0.4778439346096035,0.4991282682307967,0.5008717317692033,-0.02412778646718855,-0.011375884430378957
1980,OR,456890,571044,153582,1181516,0.3866981065004621,0.48331465676300617,0.44447406156426383,0.5555259384357362,-0.023501196593242457,-0.0025034396659622815
1984,OR,536479,685700,4348,1226527,0.43739681230009614,0.559058218856984,0.43895288660662635,0.5610471133933737,0.03193360621962943,0.030706564836281647
1988,OR,616206,560126,25362,1201694,0.5127811239799815,0.4661136695365043,0.5238368079759795,0.4761631920240204,0.056284526352538944,0.06285224243610088
1992,OR,621314,475757,365572,1462643,0.42478855058958337,0.32527212723815724,0.5663389151659282,0.43366108483407184,-0.004985804576364383,0.03153902211566861
1996,OR,649641,538152,189967,1377760,0.4715197131575891,0.3905992335384973,0.5469311571965823,0.45306884280341775,-0.020253162687035864,-0.00043246869050972414
2000,OR,720342,713577,100031,1533950,0.46959940024120733,0.46518921737996677,0.5023589198553057,0.4976410801446944,-0.01334537591090329,-0.0003019038381624206
2004,OR,943163,866831,26788,1836782,0.5134866304221187,0.47192916742433233,0.5210862577445008,0.4789137422554992,0.031031776722326876,0.033478001257116086
2008,OR,1037291,738475,52098,1827864,0.5674880625692065,0.40400981692292204,0.5841372117722718,0.4158627882277282,0.03865794511297649,0.047248774672788874
2012,OR,970488,754175,64607,1789270,0.54239326652769,0.42149871176513326,0.5627116717874738,0.43728832821252617,0.032096987056659865,0.04312861954818237
2016,OR,1002106,782403,216827,2001336,0.5007185200286208,0.39094035184496756,0.5615583894505436,0.43844161054945646,0.019287295041151786,0.050426014884628056
2020,OR,1340383,958448,75490,2374321,0.5645331865404888,0.4036724604634335,0.5830715698544173,0.4169284301455827,0.05134820192368372,0.06036435263487383
1976,PA,2328677,2205604,86506,4620787,0.5039567935072532,0.4773221531310575,0.513571390921736,0.486428609078264,0.0036483794693668026,0.0030672382605603232
1980,PA,1937540,2261872,362089,4561501,0.4247593062020594,0.49586134037896734,0.46138364132883364,0.5386163586711663,0.014560003108354813,0.014406140098607523
1984,PA,2228131,2584323,32449,4844903,0.45989176666694875,0.5334106792230928,0.4629926852287835,0.5370073147712165,0.054428560586482044,0.05474636345843881
1988,PA,2194944,2300087,41220,4536251,0.48386740504438575,0.5070457961872039,0.4883045300466226,0.5116954699533774,0.027370807416943144,0.027319964506743954
1992,PA,2239164,1791841,928805,4959810,0.45146164873251193,0.3612721051814485,0.5554852946101531,0.44451470538984694,0.02168729356656418,0.020685401559893513
1996,PA,2215819,1801169,484319,4501307,0.492261247677619,0.40014355830428805,0.5516120536083254,0.44838794639167456,0.0004883718329939946,0.004248427721233461
2000,PA,2485967,2281127,145091,4912185,0.5060817131276611,0.4643813292862545,0.5214847871680315,0.4785152128319685,0.023136936975550526,0.018823963474563388
2004,PA,2938095,2793847,37648,5769590,0.5092380914415062,0.484236661530542,0.5125828209706239,0.4874171790293761,0.026783237741714372,0.024974564483239203
2008,PA,3276363,2655885,81024,6013272,0.5448552801203738,0.4416705247991443,0.5522970381548445,0.4477029618451555,0.016025162664143777,0.01540860105536157
2012,PA,2990274,2680434,71332,5742040,0.520768577021407,0.46680866033674445,0.5273193400189182,0.4726806599810817,0.010472297550376819,0.00773628777962676
2016,PA,2926441,2970733,218228,6115402,0.4785361616456285,0.4857788580374602,0.4962446419250984,0.5037553580749017,-0.0028950633418405314,-0.014887732640817164
2020,PA,3460574,3378700,87092,6926366,0.49962332339931215,0.48780269480417293,0.505985576831693,0.49401442316830707,-0.013561661217492915,-0.01672164038785051
1976,RI,227636,181249,1699,410584,0.5544200455935935,0.4414419461060343,0.5567237731880602,0.4432762268119398,0.054111631555707085,0.04621962052688455
1980,RI,198342,154793,62832,415967,0.4768214786269103,0.3721280774676837,0.5616605547453524,0.43833944525464763,0.06662217553320576,0.11468305351512625
1984,RI,197106,212080,1303,410489,0.4801736465532572,0.5166520905554107,0.48170269755074707,0.5182973024492529,0.07471044047279052,0.07345637578040237
1988,RI,225123,177761,1738,404622,0.5563785459021012,0.43932608706397575,0.5587787055331063,0.4412212944668937,0.09988194827465863,0.09779413999322761
1992,RI,213299,131601,108465,453365,0.4704796356136888,0.29027604689378317,0.6184372281820818,0.38156277181791826,0.04070528044774102,0.08363733513182225
1996,RI,233050,104683,52514,390247,0.5971858848370392,0.26824805828103737,0.690042133874984,0.3099578661250159,0.10541300899241418,0.14267850798789206
2000,RI,249508,130555,29049,409112,0.6098770018967911,0.31911799213907194,0.6564911606759932,0.34350883932400683,0.12693222574468044,0.15383033698252513
2004,RI,259760,169046,8328,437134,0.5942342622628302,0.3867143713369356,0.6057751057587814,0.39422489424121865,0.11177940856303831,0.11816684927139665
2008,RI,296571,165391,9804,471766,0.6286400461245617,0.35057846474735355,0.6419813750914577,0.35801862490854225,0.09980992866833172,0.10509293799197472
2012,RI,279677,157204,9168,446049,0.627009588632639,0.35243661570813967,0.6401674597888212,0.3598325402111788,0.11671330916160882,0.1205844075495297
2016,RI,252525,180543,31076,464144,0.5440660657037472,0.3889805749939674,0.5831070409265982,0.41689295907340185,0.06263484071627812,0.07197466636068262
2020,RI,307486,199922,10349,517757,0.5938809132469479,0.3861309455980315,0.6059935988395926,0.3940064011604074,0.08069592863014285,0.08328638162004909
1976,SC,450807,346149,5627,802583,0.5616951766982355,0.43129371043244125,0.565661090449159,0.4343389095508409,0.06138676266034915,0.05515693778798336
1980,SC,428220,439277,20761,888258,0.4820896631384125,0.4945376230779796,0.4936270672982154,0.5063729327017845,0.07189036004470795,0.04664956606798931
1984,SC,344459,615539,8531,968529,0.3556517151267541,0.6355400819180427,0.3588122058587622,0.6411877941412378,-0.04981149095371262,-0.04943411591158248
1988,SC,370554,606443,9012,986009,0.37581198548897626,0.6150481385058352,0.37927854435581687,0.6207214556441831,-0.08068461213846634,-0.08170602118406178
1992,SC,525514,577507,125891,1228912,0.4276254117463252,0.46993356725298474,0.4764315457275972,0.5235684542724028,-0.002148943419622573,-0.05836834732266233
1996,SC,506152,573339,70691,1150182,0.44006252923450373,0.498476762807973,0.46888024078014545,0.5311197592198545,-0.05171034661012125,-0.07848338510694652
2000,SC,566037,786892,30973,1383902,0.40901523373764903,0.5686038462261056,0.4183789393234974,0.5816210606765027,-0.07392954241446159,-0.0842818843699707
2004,SC,661669,937974,18057,1617700,0.40901835939914694,0.5798194968164678,0.4136354174025079,0.586364582597492,-0.07343649430064492,-0.07397283908487678
2008,SC,862449,1034896,23624,1920969,0.4489656001736624,0.5387364397863786,0.4545557081079087,0.5454442918920913,-0.0798645172825676,-0.08233272899157429
2012,SC,865941,1071645,26532,1964118,0.4408803340736147,0.5456113125586141,0.44691745295434626,0.5530825470456537,-0.06941594539741547,-0.0726655992849452
2016,SC,855373,1155389,92265,2103027,0.4067341978966509,0.5493933268569543,0.4253974363947598,0.5746025636052402,-0.07469702709081816,-0.08573493817115574
2020,SC,1091541,1385103,36685,2513329,0.43430088142061785,0.5511029395674024,0.44073391250417904,0.559266087495821,-0.07888410319618722,-0.08197330471536446
1976,SD,147068,151505,2105,300678,0.48912125263570994,0.5038779026067753,0.4925696563319523,0.5074303436680477,-0.01118716140217646,-0.017934496329223337
1980,SD,103855,198343,25505,327703,0.3169180630021696,0.605252316884496,0.3436654114190034,0.6563345885809966,-0.09328124009153493,-0.1033120898112227
1984,SD,116113,200267,1487,317867,0.365287997810405,0.6300339450147389,0.3670048675643214,0.6329951324356786,-0.04017520827006171,-0.04124145420602332
1988,SD,145560,165415,2016,312991,0.4650612956922084,0.5284976245323348,0.468076211914141,0.5319237880858589,0.008564698064765786,0.00709164637426235
1992,SD,124888,136718,74648,336254,0.37140970813730095,0.4065914457523182,0.4773896623166135,0.5226103376833865,-0.0583646470286468,-0.05741023073364604
1996,SD,139333,150543,33950,323826,0.43027119502448846,0.46488855125900946,0.48066414604865526,0.5193358539513447,-0.06150168082013652,-0.06669947983843671
2000,SD,118804,190700,6765,316269,0.37564225390411327,0.6029677268401266,0.38385287427626136,0.6161471257237386,-0.10730252224799736,-0.11880794941720674
2004,SD,149244,232584,6387,388215,0.38443645917854796,0.5991113171824891,0.39086709198906316,0.6091329080109369,-0.09801839452124389,-0.09674116449832154
2008,SD,170924,203054,7997,381975,0.44747431114601743,0.5315897637279927,0.45704292765884624,0.5429570723411538,-0.08135580631021255,-0.07984550944063673
2012,SD,145039,210610,8166,363815,0.3986614075835246,0.5788931187554114,0.4078150086180476,0.5921849913819525,-0.1116348718875056,-0.11176804362124387
2016,SD,117458,227721,24914,370093,0.3173742815994899,0.615307503789588,0.3402814192056875,0.6597185807943126,-0.16405694338797916,-0.17085095536022804
2020,SD,150471,261043,11095,422609,0.3560525213613529,0.6176938967225024,0.365652201383185,0.634347798616815,-0.15713246325545216,-0.1570550158363585
1976,TN,825879,633969,16498,1476346,0.5594074830696869,0.4294176297426213,0.5657294458053167,0.4342705541946833,0.05909906903180051,0.05522529314414104
1980,TN,783051,787761,46804,1617616,0.4840771851910466,0.48698887745917446,0.4985007753951459,0.5014992246048541,0.07387788209734203,0.05152327416491981
1984,TN,711714,990212,10067,1711993,0.4157224941924412,0.5783972247550078,0.4181815190554701,0.5818184809445299,0.010259288111974518,0.009935197285125374
1988,TN,679794,947233,9223,1636250,0.4154585179526356,0.5789048128342246,0.4178135949802923,0.5821864050197078,-0.04103807967480699,-0.04317097055958635
1992,TN,933521,841300,207817,1982638,0.47084793088803906,0.42433364033171966,0.5259803664707596,0.4740196335292404,0.041073575722091304,-0.008819526579499914
1996,TN,909146,863530,121429,1894105,0.4799871179264085,0.4559039757563599,0.5128664234186056,0.48713357658139445,-0.011785757918216455,-0.03449720246848642
2000,TN,981720,1061949,32512,2076181,0.4728489471775341,0.5114915318076796,0.48037133214820993,0.5196286678517901,-0.010095828974576504,-0.022289491545258167
2004,TN,1036477,1384375,16467,2437319,0.4252529110879618,0.5679908949136325,0.4281455454525927,0.5718544545474072,-0.05720194261183004,-0.059462711034792004
2008,TN,1087437,1479178,33134,2599749,0.4182853806271298,0.5689695428289423,0.4236852819764554,0.5763147180235446,-0.11054473682910021,-0.11320315512302759
2012,TN,960709,1462330,35538,2458577,0.39075814993795194,0.5947871471993759,0.3964892847370595,0.6035107152629404,-0.11953812953307824,-0.12309376750223194
2016,TN,870695,1522925,114407,2508027,0.34716332798650096,0.6072203369421462,0.3637565695473801,0.6362434304526199,-0.13426789700096808,-0.14737580501853542
2020,TN,1143711,1852475,57665,3053851,0.37451434271023704,0.6066029416628381,0.38172229627933646,0.6182777037206635,-0.13867064190656803,-0.14098492094020704
1976,TX,2082319,1953300,36265,4071884,0.511389568072175,0.4797042351894111,0.5159850322837711,0.4840149677162289,0.011081154034288554,0.005480879622595469
1980,TX,1881147,2510705,149784,4541636,0.414200301389191,0.5528195126161586,0.4283265920618454,0.5716734079381546,0.0040009982954864465,-0.01865090916838069
1984,TX,1949276,3433428,14867,5397571,0.36113948292667203,0.636106129961051,0.36213694826986587,0.6378630517301341,-0.04432372315379468,-0.046109373500478834
1988,TX,2352748,3036829,37833,5427410,0.433493692203095,0.559535579585843,0.43653667068862734,0.5634633293113727,-0.023002905424347575,-0.024447894851251317
1992,TX,2281815,2496071,1376132,6154018,0.37078458334051023,0.40560021111410466,0.47757836834114503,0.522421631658855,-0.05898977182543752,-0.05722152470911451
1996,TX,2459683,2736167,415794,5611644,0.43831771937065145,0.48758741645050896,0.4733937661787773,0.5266062338212227,-0.05345515647397353,-0.07396985970831466
2000,TX,2433746,3799639,174252,6407637,0.37981958091571044,0.5929859946810345,0.3904372985143706,0.6095627014856294,-0.10312519523640018,-0.1122235251790975
2004,TX,2832704,4526917,51128,7410749,0.3822426046274135,0.6108582276906154,0.38489808102890083,0.6151019189710992,-0.10021224907237836,-0.10271017545848388
2008,TX,3528633,4479328,69834,8077795,0.4368312144588963,0.5545236045232641,0.4406406324905928,0.5593593675094072,-0.09199890299733371,-0.09624780460889015
2012,TX,3308124,4569843,115884,7993851,0.41383358283760857,0.5716697746805639,0.41992102784893615,0.5800789721510639,-0.09646269663342161,-0.09966202439035532
2016,TX,3877868,4685047,406311,8969226,0.4323525798101196,0.5223468557933538,0.45286774422028014,0.5471322557797199,-0.049078645177349445,-0.05826463034563539
2020,TX,5259126,5890347,168438,11317911,0.4646728534974343,0.5204447181109659,0.4716927876322047,0.5283072123677953,-0.04851213111937075,-0.051014429587338816
1976,UT,182110,337908,21200,541218,0.3364817873758818,0.6243473055219892,0.35019941617405553,0.6498005838259445,-0.1638266266620046,-0.16030473648712013
1980,UT,124266,439687,40199,604152,0.20568664839311962,0.7277754604801441,0.22034814957984086,0.7796518504201592,-0.20451265470058494,-0.22662935165038525
1984,UT,155369,469105,5182,629656,0.246752194849251,0.7450179145438144,0.24879978990318252,0.7512002100968175,-0.1587110112312157,-0.15944653186716218
1988,UT,207343,428442,11223,647008,0.320464352836441,0.6621896483505614,0.32612125168099276,0.6738787483190072,-0.13603224479100162,-0.1348633138588859
1992,UT,183429,322632,237937,743998,0.24654501759413333,0.4336463270062554,0.3624642088601967,0.6375357911398033,-0.18322933757181442,-0.17233568419006284
1996,UT,221633,361911,82085,665629,0.3329677643251721,0.54371278895601,0.3798051218074387,0.6201948781925614,-0.15880511151945287,-0.16755850407965328
2000,UT,203053,515096,52605,770754,0.26344722181136915,0.6683014295092857,0.2827449456867586,0.7172550543132414,-0.21949755434074147,-0.21991587800670948
2004,UT,241199,663742,22903,927844,0.25995641508701894,0.7153594785330293,0.2665356083987796,0.7334643916012205,-0.2224984386127729,-0.2210726480886051
2008,UT,327670,596030,28670,952370,0.3440574566607516,0.6258386971450172,0.35473638627259935,0.6452636137274007,-0.18477266079547838,-0.18215205082688363
2012,UT,251813,740600,25027,1017440,0.2474966582796037,0.727905331026891,0.2537381110485252,0.7462618889514748,-0.26279962119142647,-0.2658449411907663
2016,UT,310674,515211,305432,1131317,0.2746126859226901,0.4554081658810042,0.37617101654588714,0.6238289834541129,-0.20681853906477893,-0.1349613580200284
2020,UT,560282,865140,62867,1488289,0.37646048583306063,0.5812983902991959,0.39306394878148365,0.6069360512185163,-0.13672449878374443,-0.12964326843805984
1976,VA,813896,836554,46644,1697094,0.47958215632133516,0.4929332140706408,0.4931358114453634,0.5068641885546367,-0.020726257716551233,-0.017368341215812266
1980,VA,752174,989609,124249,1866032,0.40308740686118993,0.5303279900880585,0.4318413947087553,0.5681586052912446,-0.007111896232514625,-0.015136106521470793
1984,VA,796250,1337078,13307,2146635,0.3709293848278818,0.622871610683698,0.3732431206078015,0.6267568793921985,-0.03453382125258492,-0.035003201162543185
1988,VA,859799,1309162,22648,2191609,0.3923140487194568,0.5973519911626572,0.3964105394241759,0.6035894605758241,-0.0641825489079858,-0.06457402611570273
1992,VA,1038650,1150517,369962,2559129,0.4058607440265809,0.4495736635394308,0.4744498706585656,0.5255501293414344,-0.023913611139366853,-0.06035002239169396
1996,VA,1091060,1138350,187232,2416642,0.45147771163457395,0.471046187230049,0.4893940549293311,0.5106059450706689,-0.04029516421005103,-0.057969570957760896
2000,VA,1217290,1437490,84667,2739447,0.4443561054475593,0.5247372918694905,0.4585276369416675,0.5414723630583325,-0.0385886707045513,-0.04413318675180061
2004,VA,1454742,1716959,23714,3195415,0.4552591760381672,0.5373195656902156,0.4586630328646994,0.5413369671353006,-0.027195677661624673,-0.028945223622685312
2008,VA,1959532,1725005,38723,3723260,0.5262946987317566,0.46330500690255316,0.5318258440612755,0.46817415593872447,-0.0025354187244733817,-0.005062593038207441
2012,VA,1971820,1822522,60147,3854489,0.5115645679621864,0.4728310289638912,0.5196737668876448,0.48032623311235517,0.001268288491156233,0.00009071464835330723
2016,VA,1981473,1769443,231836,3982752,0.49751352833417695,0.44427647013924043,0.528263762771547,0.471736237228453,0.016082303346707905,0.017131388205631426
2020,VA,2413568,1962430,84526,4460524,0.5410951717780242,0.4399550366728214,0.551546869993999,0.4484531300060009,0.02791018716121918,0.02883965277445555
1976,VT,77798,100387,5717,183902,0.42304053245750456,0.5458722580504834,0.43661363189943037,0.5633863681005696,-0.07726788158038184,-0.07389052076174529
1980,VT,81952,94628,36719,213299,0.3842118340920492,0.4436401483363729,0.4641069203760335,0.5358930796239665,-0.025987469001655383,0.0171294191458074
1984,VT,95730,135865,2966,234561,0.408124112704158,0.579230988953833,0.41335089272220904,0.586649107277791,0.0026609066236912837,0.00510457095186434
1988,VT,115775,124331,3222,243328,0.47579809968437664,0.510960514203051,0.48218286923275555,0.5178171307672444,0.01930150205693404,0.021198303692876896
1992,VT,133592,88122,67987,289701,0.46113751764750555,0.30418258825478683,0.6025420135850691,0.39745798641493096,0.031363162481557794,0.06774212053480955
1996,VT,137894,80352,40203,258449,0.5335443356329489,0.31090079667555304,0.6318283038406202,0.3681716961593798,0.04177145978832392,0.08446467795352819
2000,VT,149022,119775,25511,294308,0.5063470921619528,0.4069716079753184,0.554403508967734,0.445596491032266,0.023402316009842217,0.051742685274265954
2004,VT,184067,121180,7062,312309,0.5893746257712714,0.38801315363950445,0.6030100213925116,0.39698997860748836,0.10691977207147957,0.11540176490512688
2008,VT,219262,98974,6810,325046,0.6745568319560924,0.30449228724549754,0.688991817393381,0.311008182606619,0.1457267144998624,0.15210338029389803
2012,VT,199239,92698,7353,299290,0.665705503023823,0.3097263523672692,0.6824725882639062,0.3175274117360937,0.15540922355279285,0.16288953602461476
2016,VT,178573,95369,46525,320467,0.5572274212321393,0.29759382401308093,0.6518642632382037,0.34813573676179627,0.07579619624467027,0.14073188867228814
2020,VT,242820,112704,11904,367428,0.6608641693066397,0.3067376465593259,0.6829918655280656,0.3170081344719344,0.14767918468983465,0.16028464830852207
1976,WA,717323,777732,60479,1555534,0.46114260440466104,0.49997749968821,0.47979706432204833,0.5202029356779516,-0.03916580963322536,-0.03070708833912733
1980,WA,650193,865244,226957,1742394,0.3731607202504141,0.4965834363525127,0.429046539051112,0.570953460948888,-0.03703858284329048,-0.017930962179114107
1984,WA,798352,1051670,24888,1874910,0.42580817212559535,0.5609175907110208,0.4315364898363371,0.5684635101636629,0.020344966045128643,0.023290168065992378
1988,WA,933516,903835,27902,1865253,0.5004768790078343,0.48456429235068915,0.5080771175458582,0.49192288245414184,0.04398028138039173,0.047092552005979504
1992,WA,993037,731234,563294,2287565,0.43410220037463415,0.31965605348919046,0.5759170107251123,0.42408298927488774,0.004327845208686398,0.04111711767485271
1996,WA,1123323,840712,289802,2253837,0.49840472048333573,0.3730136651408243,0.5719465284478128,0.4280534715521872,0.006631844638710749,0.02458290256072082
2000,WA,1247652,1108864,130917,2487433,0.5015821531675426,0.44578647947502503,0.5294477100940541,0.4705522899059459,0.018637377015432,0.02678688640058602
2004,WA,1510201,1304894,43989,2859084,0.5282114831183694,0.45640281992414355,0.5364653768345296,0.46353462316547045,0.045756629418577555,0.048857120347144845
2008,WA,1750848,1229216,56814,3036878,0.5765289221364835,0.40476304942114893,0.5875202680210895,0.4124797319789105,0.04769880468025356,0.0506318309216065
2012,WA,1755396,1290670,79450,3125516,0.5616339829967276,0.4129462143210913,0.5762829827062185,0.42371701729378153,0.05133770352569744,0.05669993046692701
2016,WA,1742718,1221747,352554,3317019,0.5253868006182659,0.3683268018663746,0.5878693120006476,0.4121306879993523,0.043955575630796884,0.07673693743473209
2020,WA,2369612,1584651,106282,4060545,0.5835699395031948,0.39025574153223275,0.599255031847907,0.4007449681520931,0.07038495488638974,0.07654781462836346
1976,WI,1040232,1004987,56117,2101336,0.4950336357441171,0.4782609730190698,0.5086164366749967,0.4913835633250033,-0.005274778293769322,-0.0018877159861789838
1980,WI,981584,1088845,202792,2273221,0.4318031550825899,0.47898774470234085,0.4740969142143971,0.5259030857856029,0.021603851988885314,0.027119412984170976
1984,WI,995740,1198584,17365,2211689,0.4502170060980545,0.5419315283477921,0.45377984290378265,0.5462201570962173,0.044753800017587775,0.04553352113343795
1988,WI,1126794,1047499,17315,2191608,0.5141403024628491,0.47795910582549433,0.5182346629456104,0.4817653370543896,0.05764370483540654,0.057250097405731726
1992,WI,1041066,930855,559143,2531064,0.4113155574098482,0.36777220963199664,0.5279450850211544,0.4720549149788455,-0.018458797756099543,-0.006854808029105097
1996,WI,1071971,845029,279169,2196169,0.48810952162606797,0.3847741225743556,0.5591919666145019,0.4408080333854982,-0.0036633542185570134,0.011828340727409903
2000,WI,1242987,1237279,118341,2598607,0.47832819660687437,0.4761316351414431,0.5011506830315781,0.49884931696842194,-0.004616579545236255,-0.001510140661890036
2004,WI,1489504,1478120,29383,2997007,0.49699717084411216,0.49319871458425024,0.5019180327426924,0.4980819672573075,0.014542317144320305,0.014309776255307716
2008,WI,1677211,1262393,43813,2983417,0.5621778651794235,0.4231366248834809,0.5705567824781841,0.42944321752181586,0.03334774772319349,0.033668345378701114
2012,WI,1620985,1410966,39483,3071434,0.5277616253515459,0.4593834671361976,0.5346342998287241,0.4653657001712759,0.017465345880515737,0.01505124758943266
2016,WI,1382536,1405284,188330,2976150,0.4645384137224266,0.4721818456731012,0.49592010961970284,0.5040798903802971,-0.01689281126504244,-0.015212264946212695
2020,WI,1630866,1610184,56991,3298041,0.4944953686142774,0.48822437319608825,0.5031906326653399,0.4968093673346601,-0.018689616002527665,-0.019516584554203575
1976,WV,435864,314726,0,750590,0.5806951864533234,0.4193048135466766,0.5806951864533234,0.4193048135466766,0.08038677241543701,0.07019103379214775
1980,WV,367462,334206,36047,737715,0.49810834807479853,0.45302860860901567,0.5236978172012975,0.4763021827987025,0.08790904498109398,0.07672031597107137
1984,WV,328125,405483,2134,735742,0.44597834567008543,0.551121181066189,0.44727565675401576,0.5527243432459842,0.04051513958961872,0.03902933498367106
1988,WV,341016,310065,2230,653311,0.5219811085378939,0.47460550947404834,0.5237689319762058,0.4762310680237943,0.06548451091045132,0.06278436643632712
1992,WV,331001,241974,110702,683677,0.4841482161898089,0.35393029164356854,0.5776883808194074,0.4223116191805925,0.05437386102386116,0.04288848776914789
1996,WV,327812,233946,74701,636459,0.515055958042859,0.3675743449303097,0.5835466517610786,0.4164533482389214,0.023283082198233995,0.036183025873986585
2000,WV,295497,336475,16152,648124,0.4559266436669526,0.5191521992705099,0.46757925984062587,0.5324207401593741,-0.027018132485157997,-0.035081563852842224
2004,WV,326541,423778,5473,755792,0.43205141097021404,0.5607071786946674,0.43520289370254517,0.5647971062974548,-0.05040344272957781,-0.05240536278483954
2008,WV,303857,397466,12128,713451,0.42589750382296754,0.5571034310695478,0.4332625623286275,0.5667374376713725,-0.10293261363326245,-0.1036258747708555
2012,WV,238269,417655,14514,670438,0.3553930415638732,0.6229584241943327,0.36325702367957263,0.6367429763204273,-0.154903237907157,-0.15632602855971883
2016,WV,188794,489371,34886,713051,0.26476928017771517,0.6863057481161936,0.27838947748704224,0.7216105225129578,-0.21666194480975387,-0.2327428970788733
2020,WV,235984,545382,13286,794652,0.29696521244519614,0.6863155192461606,0.3020146768607797,0.6979853231392202,-0.21621977217160893,-0.2206925403587638
1976,WY,62239,92717,1387,156343,0.39809265525159426,0.5930358250769142,0.40165595394821757,0.5983440460517825,-0.10221575878629213,-0.10884819871295809
1980,WY,49427,110700,16586,176713,0.27970211586018007,0.6264394809663126,0.3086737402187014,0.6913262597812986,-0.1304971872335245,-0.1383037610115247
1984,WY,53370,133241,2357,188968,0.28242877100884806,0.7050982176876508,0.28599600237928097,0.7140039976207191,-0.12303443507161865,-0.12225031939106373
1988,WY,67113,106867,2571,176551,0.3801337857049804,0.6053038498790718,0.38575123577422693,0.6142487642257731,-0.07636281192246219,-0.07523332976565172
1992,WY,68160,79347,52377,199884,0.34099777871165277,0.3969652398391067,0.46207976570603426,0.5379202342939657,-0.08877657645429499,-0.07272012734422528
1996,WY,77934,105388,28249,211571,0.3683586124752447,0.4981211980848037,0.42512082565104026,0.5748791743489597,-0.12341426336938027,-0.12224280023605172
2000,WY,60481,147947,5298,213726,0.282983820405566,0.6922274313841086,0.2901769435968296,0.7098230564031704,-0.1999609557465446,-0.2124838800966385
2004,WY,70776,167629,5456,243861,0.2902309102316484,0.6873956885274808,0.29687296826828297,0.7031270317317171,-0.19222394346814348,-0.19073528821910174
2008,WY,82868,164958,7078,254904,0.32509493770203685,0.6471377459749553,0.3343797664490409,0.6656202335509591,-0.20373517975419314,-0.2025086706504421
2012,WY,69286,170962,10453,250701,0.2763690611525283,0.6819358518713527,0.2883936598847857,0.7116063401152143,-0.23392721831850188,-0.23118939235450575
2016,WY,55973,174419,28396,258788,0.2162890087639303,0.6739841105460841,0.2429468037084621,0.7570531962915379,-0.26514221622353873,-0.2681855708574534
2020,WY,73491,193559,9715,276765,0.26553574332014523,0.6993622748541181,0.27519565624414905,0.724804343755851,-0.24764924129665983,-0.24751156097539445